timestamp,price,prediction,absolute_error
2026-01-01 00:00:00,58.28,49.071453,9.20854690551758
2026-01-01 01:00:00,42.4,25.857014,16.54298629760742
2026-01-01 02:00:00,19.57,14.9997225,4.5702775192260745
2026-01-01 03:00:00,6.29,13.930622,7.640622100830078
2026-01-01 04:00:00,3.09,14.277108,11.187108192443848
2026-01-01 05:00:00,0.83,10.239738,9.409738464355469
2026-01-01 06:00:00,0.05,10.195173,10.145173263549804
2026-01-01 07:00:00,0.02,5.254597,5.234597187042237
2026-01-01 08:00:00,0.06,4.6762495,4.616249504089356
2026-01-01 09:00:00,0.0,6.014281,6.014280796051025
2026-01-01 10:00:00,0.0,6.1242156,6.124215602874756
2026-01-01 11:00:00,0.0,7.4006114,7.400611400604248
2026-01-01 12:00:00,-0.01,7.2267003,7.2367003059387205
2026-01-01 13:00:00,-0.01,8.141368,8.15136791229248
2026-01-01 14:00:00,0.02,7.1371565,7.117156486511231
2026-01-01 15:00:00,3.51,6.6631894,3.1531894111633303
2026-01-01 16:00:00,10.34,7.5417643,2.798235740661621
2026-01-01 17:00:00,21.8,10.712276,11.087723541259766
2026-01-01 18:00:00,23.13,13.068493,10.061507110595702
2026-01-01 19:00:00,18.09,11.792217,6.297782745361328
2026-01-01 20:00:00,10.04,7.7634478,2.2765522384643546
2026-01-01 21:00:00,8.95,6.7883673,2.1616327285766594
2026-01-01 22:00:00,7.37,5.8412733,1.5287266921997071
2026-01-01 23:00:00,0.29,3.4697435,3.179743490219116
2026-01-02 00:00:00,9.68,2.3217027,7.3582972812652585
2026-01-02 01:00:00,3.01,2.6652133,0.34478665351867654
2026-01-02 02:00:00,1.81,5.0758786,3.265878620147705
2026-01-02 03:00:00,0.25,7.4254203,7.17542028427124
2026-01-02 04:00:00,1.73,7.119177,5.389176864624023
2026-01-02 05:00:00,12.0,13.115326,1.115325927734375
2026-01-02 06:00:00,21.8,29.435137,7.635136795043945
2026-01-02 07:00:00,50.97,53.04891,2.0789082336425793
2026-01-02 08:00:00,68.87,54.6724,14.197598571777348
2026-01-02 09:00:00,71.2,52.46785,18.73215026855469
2026-01-02 10:00:00,57.89,52.914448,4.975552215576172
2026-01-02 11:00:00,55.93,49.91585,6.014148406982422
2026-01-02 12:00:00,58.0,51.144753,6.855247497558594
2026-01-02 13:00:00,66.95,55.653988,11.296012115478518
2026-01-02 14:00:00,70.12,58.996746,11.123253936767583
2026-01-02 15:00:00,77.5,65.41565,12.0843505859375
2026-01-02 16:00:00,82.46,75.248924,7.2110757446289
2026-01-02 17:00:00,85.44,81.26025,4.179753723144529
2026-01-02 18:00:00,88.34,83.167336,5.172664489746097
2026-01-02 19:00:00,88.57,80.77643,7.793571777343743
2026-01-02 20:00:00,89.15,79.61739,9.532606506347662
2026-01-02 21:00:00,83.52,73.22998,10.290019531249996
2026-01-02 22:00:00,85.59,74.776695,10.81330474853516
2026-01-02 23:00:00,81.83,65.51358,16.316419677734373
2026-01-03 00:00:00,80.16,62.192272,17.9677278137207
2026-01-03 01:00:00,78.33,63.90654,14.42346008300781
2026-01-03 02:00:00,75.82,56.775124,19.044876403808587
2026-01-03 03:00:00,74.82,59.780605,15.039394683837884
2026-01-03 04:00:00,73.02,61.35092,11.669078369140621
2026-01-03 05:00:00,74.99,58.87699,16.11300872802734
2026-01-03 06:00:00,75.91,63.530964,12.379036102294918
2026-01-03 07:00:00,79.31,72.35205,6.957949218750002
2026-01-03 08:00:00,90.69,84.96009,5.7299093627929665
2026-01-03 09:00:00,94.09,89.87209,4.21790679931641
2026-01-03 10:00:00,93.31,79.79317,13.51683288574219
2026-01-03 11:00:00,88.71,75.55587,13.15412994384765
2026-01-03 12:00:00,87.41,74.248505,13.161495361328122
2026-01-03 13:00:00,86.6,71.77168,14.828317260742182
2026-01-03 14:00:00,89.68,76.91316,12.766837768554694
2026-01-03 15:00:00,94.6,94.31499,0.2850128173828068
2026-01-03 16:00:00,99.88,96.828,3.0519970703124955
2026-01-03 17:00:00,109.72,103.640915,6.079085083007811
2026-01-03 18:00:00,110.83,105.791626,5.038374023437498
2026-01-03 19:00:00,104.76,94.704094,10.055906066894536
2026-01-03 20:00:00,97.63,83.92706,13.702937011718745
2026-01-03 21:00:00,91.12,80.84838,10.271618957519536
2026-01-03 22:00:00,90.71,79.85823,10.851769409179681
2026-01-03 23:00:00,86.02,66.981766,19.038234252929684
2026-01-04 00:00:00,88.82,66.54184,22.278160400390618
2026-01-04 01:00:00,85.33,64.45255,20.877447204589842
2026-01-04 02:00:00,85.04,63.237385,21.802615203857428
2026-01-04 03:00:00,83.74,65.699036,18.040964355468745
2026-01-04 04:00:00,82.56,63.292557,19.26744323730469
2026-01-04 05:00:00,83.41,73.25571,10.154293212890622
2026-01-04 06:00:00,83.8,75.97363,7.826367187499997
2026-01-04 07:00:00,86.48,85.4683,1.0117001342773477
2026-01-04 08:00:00,88.12,93.54017,5.420168762207027
2026-01-04 09:00:00,94.3,97.93597,3.6359664916992216
2026-01-04 10:00:00,94.76,96.4493,1.6893026733398386
2026-01-04 11:00:00,90.88,92.690506,1.810505981445317
2026-01-04 12:00:00,89.54,89.51858,0.021422424316412503
2026-01-04 13:00:00,86.78,90.69763,3.917631835937499
2026-01-04 14:00:00,92.68,92.74404,0.06404144287108693
2026-01-04 15:00:00,93.2,102.47587,9.275868225097653
2026-01-04 16:00:00,100.59,116.264046,15.674045715332028
2026-01-04 17:00:00,118.43,124.63166,6.201660461425774
2026-01-04 18:00:00,121.18,129.16719,7.987190551757806
2026-01-04 19:00:00,119.72,124.260544,4.540543823242189
2026-01-04 20:00:00,112.45,117.84742,5.397419738769528
2026-01-04 21:00:00,99.7,112.55646,12.856457519531247
2026-01-04 22:00:00,95.77,108.129555,12.35955474853516
2026-01-04 23:00:00,89.21,99.61915,10.409148254394538
2026-01-05 00:00:00,92.45,99.780975,7.330975341796872
2026-01-05 01:00:00,88.85,95.76349,6.913488769531256
2026-01-05 02:00:00,86.51,94.74646,8.236459960937495
2026-01-05 03:00:00,86.31,93.4617,7.151700439453123
2026-01-05 04:00:00,87.5,92.85982,5.3598175048828125
2026-01-05 05:00:00,90.86,101.20089,10.340889587402344
2026-01-05 06:00:00,109.02,111.10911,2.0891079711914102
2026-01-05 07:00:00,129.31,125.8384,3.4715982055664085
2026-01-05 08:00:00,151.18,140.16418,11.015815429687507
2026-01-05 09:00:00,152.15,143.71085,8.43915405273438
2026-01-05 10:00:00,145.63,133.43816,12.191843872070308
2026-01-05 11:00:00,136.57,125.52322,11.0467837524414
2026-01-05 12:00:00,134.3,125.183876,9.116123962402355
2026-01-05 13:00:00,134.3,128.22003,6.079968261718761
2026-01-05 14:00:00,140.15,134.89597,5.254034423828131
2026-01-05 15:00:00,148.99,143.90955,5.080454101562509
2026-01-05 16:00:00,180.71,146.96161,33.74839111328126
2026-01-05 17:00:00,223.43,164.87135,58.558646850585944
2026-01-05 18:00:00,213.59,164.82162,48.76837524414063
2026-01-05 19:00:00,182.8,153.97076,28.82923583984376
2026-01-05 20:00:00,147.03,135.60123,11.428773193359376
2026-01-05 21:00:00,129.1,121.7658,7.334199523925776
2026-01-05 22:00:00,123.85,111.41189,12.4381118774414
2026-01-05 23:00:00,111.3,106.32375,4.976246643066403
2026-01-06 00:00:00,104.7,108.04708,3.347080993652341
2026-01-06 01:00:00,104.6,106.57499,1.974989318847662
2026-01-06 02:00:00,101.55,103.4845,1.9344970703125028
2026-01-06 03:00:00,100.09,102.478546,2.3885461425781216
2026-01-06 04:00:00,102.45,100.79073,1.659266662597659
2026-01-06 05:00:00,107.0,105.81977,1.1802291870117188
2026-01-06 06:00:00,121.29,117.98269,3.3073110961914125
2026-01-06 07:00:00,138.5,129.89197,8.6080322265625
2026-01-06 08:00:00,164.19,164.28246,0.09245544433593977
2026-01-06 09:00:00,168.82,165.68265,3.137352294921868
2026-01-06 10:00:00,154.84,157.95453,3.1145288085937466
2026-01-06 11:00:00,147.27,146.62006,0.6499438476562602
2026-01-06 12:00:00,134.43,141.01942,6.589424438476556
2026-01-06 13:00:00,130.2,141.85976,11.659756469726574
2026-01-06 14:00:00,130.7,147.67056,16.970562744140636
2026-01-06 15:00:00,136.99,145.85837,8.868367919921866
2026-01-06 16:00:00,145.01,167.70882,22.69881652832032
2026-01-06 17:00:00,152.99,190.84279,37.85278869628905
2026-01-06 18:00:00,148.27,188.60138,40.33137939453124
2026-01-06 19:00:00,139.12,158.3124,19.192393188476558
2026-01-06 20:00:00,121.6,131.78314,10.183142089843756
2026-01-06 21:00:00,108.56,120.920364,12.36036437988281
2026-01-06 22:00:00,102.22,116.26214,14.04213836669922
2026-01-06 23:00:00,92.82,104.41988,11.59988372802735
2026-01-07 00:00:00,93.99,96.30243,2.312429199218755
2026-01-07 01:00:00,88.61,93.02182,4.411820068359376
2026-01-07 02:00:00,85.04,90.15212,5.1121224975585875
2026-01-07 03:00:00,81.65,88.87829,7.228288269042963
2026-01-07 04:00:00,80.78,88.13627,7.356268615722655
2026-01-07 05:00:00,84.88,92.714935,7.8349353027343795
2026-01-07 06:00:00,92.77,106.51165,13.741650085449223
2026-01-07 07:00:00,99.2,116.09051,16.890507507324216
2026-01-07 08:00:00,109.35,129.19221,19.842214965820318
2026-01-07 09:00:00,112.13,130.99576,18.86575805664063
2026-01-07 10:00:00,108.31,118.2427,9.932698669433591
2026-01-07 11:00:00,99.94,108.24223,8.30223327636719
2026-01-07 12:00:00,96.34,101.04134,4.70134368896484
2026-01-07 13:00:00,93.16,99.24235,6.08234771728516
2026-01-07 14:00:00,95.23,99.320984,4.090983886718746
2026-01-07 15:00:00,101.84,108.98952,7.149517211914059
2026-01-07 16:00:00,106.38,119.81468,13.434682006835942
2026-01-07 17:00:00,125.19,127.39459,2.2045922851562523
2026-01-07 18:00:00,124.1,132.64006,8.540060424804693
2026-01-07 19:00:00,116.73,122.46328,5.73327972412109
2026-01-07 20:00:00,108.73,112.277275,3.5472750854492148
2026-01-07 21:00:00,98.46,99.18013,0.7201300048828188
2026-01-07 22:00:00,93.96,88.811165,5.1488351440429625
2026-01-07 23:00:00,88.76,87.845375,0.9146249389648489
2026-01-08 00:00:00,84.08,88.664566,4.584566040039064
2026-01-08 01:00:00,83.08,90.53948,7.4594821166992205
2026-01-08 02:00:00,84.52,90.90741,6.387409667968754
2026-01-08 03:00:00,82.47,92.82774,10.357743530273439
2026-01-08 04:00:00,85.27,97.46849,12.198490600585941
2026-01-08 05:00:00,87.89,101.556435,13.666434631347656
2026-01-08 06:00:00,97.88,111.55292,13.672917480468755
2026-01-08 07:00:00,126.71,126.15931,0.5506906127929625
2026-01-08 08:00:00,168.81,156.65479,12.155214843750002
2026-01-08 09:00:00,192.72,165.71582,27.0041796875
2026-01-08 10:00:00,207.93,164.867,43.06299560546876
2026-01-08 11:00:00,213.11,161.53416,51.575835571289076
2026-01-08 12:00:00,220.27,157.79842,62.4715838623047
2026-01-08 13:00:00,236.22,162.22368,73.99632141113281
2026-01-08 14:00:00,264.59,168.73671,95.85329040527341
2026-01-08 15:00:00,264.42,173.80244,90.6175555419922
2026-01-08 16:00:00,259.49,184.56917,74.9208319091797
2026-01-08 17:00:00,233.85,178.27126,55.57874450683593
2026-01-08 18:00:00,199.4,175.67601,23.723989868164068
2026-01-08 19:00:00,139.25,158.14818,18.898178100585938
2026-01-08 20:00:00,102.13,135.34673,33.21672546386719
2026-01-08 21:00:00,94.48,112.04566,17.565661926269527
2026-01-08 22:00:00,91.31,103.464294,12.154294433593748
2026-01-08 23:00:00,79.04,77.76963,1.2703695678711
2026-01-09 00:00:00,78.96,63.982094,14.977906188964837
2026-01-09 01:00:00,70.69,55.721283,14.968717041015623
2026-01-09 02:00:00,57.35,46.93409,10.41591033935547
2026-01-09 03:00:00,50.84,45.852448,4.987552490234378
2026-01-09 04:00:00,47.85,44.259003,3.5909973144531264
2026-01-09 05:00:00,56.57,48.815456,7.754543609619141
2026-01-09 06:00:00,72.61,56.80795,15.80205093383789
2026-01-09 07:00:00,84.3,69.43983,14.860173034667966
2026-01-09 08:00:00,89.76,88.64022,1.1197793579101614
2026-01-09 09:00:00,89.15,87.05951,2.0904907226562557
2026-01-09 10:00:00,93.93,83.59211,10.337890319824226
2026-01-09 11:00:00,85.8,77.33668,8.463322448730466
2026-01-09 12:00:00,83.01,69.44241,13.56758666992188
2026-01-09 13:00:00,82.85,68.120766,14.729234313964838
2026-01-09 14:00:00,82.84,73.51379,9.326213684082035
2026-01-09 15:00:00,85.25,75.565865,9.684135437011719
2026-01-09 16:00:00,87.57,86.25679,1.3132098388671807
2026-01-09 17:00:00,92.52,95.72496,3.2049603271484415
2026-01-09 18:00:00,91.66,93.12898,1.468982543945316
2026-01-09 19:00:00,87.28,84.58808,2.69191864013672
2026-01-09 20:00:00,82.8,70.53695,12.263050842285153
2026-01-09 21:00:00,80.36,59.191486,21.16851364135742
2026-01-09 22:00:00,80.35,55.509605,24.84039459228515
2026-01-09 23:00:00,74.51,55.67318,18.83682037353516
2026-01-10 00:00:00,72.79,56.55276,16.237238922119147
2026-01-10 01:00:00,69.78,52.332962,17.44703796386719
2026-01-10 02:00:00,66.24,49.63224,16.60775970458984
2026-01-10 03:00:00,66.54,48.301308,18.23869232177735
2026-01-10 04:00:00,66.51,50.38051,16.129491577148443
2026-01-10 05:00:00,68.46,54.83277,13.627228698730462
2026-01-10 06:00:00,69.96,62.131397,7.828602752685541
2026-01-10 07:00:00,76.67,69.97579,6.694208068847658
2026-01-10 08:00:00,85.03,86.08614,1.0561434936523426
2026-01-10 09:00:00,92.36,97.752174,5.392174377441407
2026-01-10 10:00:00,97.6,101.90673,4.306730651855474
2026-01-10 11:00:00,101.56,105.05274,3.492742004394529
2026-01-10 12:00:00,101.57,106.600655,5.030654602050788
2026-01-10 13:00:00,104.82,110.097824,5.277824096679694
2026-01-10 14:00:00,111.44,111.93664,0.496637878417971
2026-01-10 15:00:00,117.72,116.243904,1.4760958862304676
2026-01-10 16:00:00,128.01,121.80671,6.20329071044921
2026-01-10 17:00:00,139.53,134.95644,4.573563842773439
2026-01-10 18:00:00,136.91,139.27911,2.3691137695312534
2026-01-10 19:00:00,128.31,129.17912,0.8691229248046852
2026-01-10 20:00:00,120.49,110.64667,9.843332519531245
2026-01-10 21:00:00,113.21,101.13317,12.076828918457025
2026-01-10 22:00:00,107.68,97.641815,10.038184814453132
2026-01-10 23:00:00,98.2,93.22807,4.971926879882815
2026-01-11 00:00:00,96.9,96.28114,0.6188568115234432
2026-01-11 01:00:00,92.75,92.5045,0.2454986572265625
2026-01-11 02:00:00,88.04,92.928734,4.8887338256835875
2026-01-11 03:00:00,84.86,92.79783,7.937828674316407
2026-01-11 04:00:00,82.68,93.856155,11.176155395507806
2026-01-11 05:00:00,82.26,92.876724,10.616724243164057
2026-01-11 06:00:00,81.6,91.81392,10.213919067382818
2026-01-11 07:00:00,84.26,98.98112,14.721117248535151
2026-01-11 08:00:00,92.06,104.82833,12.768330993652341
2026-01-11 09:00:00,103.1,107.15399,4.053991699218756
2026-01-11 10:00:00,100.68,104.42968,3.749679870605462
2026-01-11 11:00:00,99.92,100.28478,0.36478240966796704
2026-01-11 12:00:00,97.09,100.288376,3.198375854492184
2026-01-11 13:00:00,96.52,100.62362,4.103619079589848
2026-01-11 14:00:00,98.88,110.781586,11.90158569335938
2026-01-11 15:00:00,101.28,115.37739,14.09738800048828
2026-01-11 16:00:00,111.76,120.76628,9.006281127929682
2026-01-11 17:00:00,116.25,132.53127,16.281265258789062
2026-01-11 18:00:00,112.25,130.02473,17.774734497070312
2026-01-11 19:00:00,106.21,123.66548,17.45548156738282
2026-01-11 20:00:00,96.04,122.1976,26.15760131835937
2026-01-11 21:00:00,95.01,108.86428,13.854280700683589
2026-01-11 22:00:00,93.02,103.19843,10.178432922363285
2026-01-11 23:00:00,85.23,87.688,2.4580035400390585
2026-01-12 00:00:00,81.26,83.23471,1.9747106933593699
2026-01-12 01:00:00,81.19,79.08825,2.101750793457029
2026-01-12 02:00:00,79.04,76.819824,2.2201757812500063
2026-01-12 03:00:00,77.31,75.16495,2.1450524902343773
2026-01-12 04:00:00,76.59,75.465164,1.124835815429691
2026-01-12 05:00:00,80.16,82.73908,2.5790823364257847
2026-01-12 06:00:00,86.92,97.65103,10.731031494140623
2026-01-12 07:00:00,97.87,112.43393,14.56392944335937
2026-01-12 08:00:00,115.62,127.5223,11.90230072021484
2026-01-12 09:00:00,129.85,130.83224,0.9822448730468807
2026-01-12 10:00:00,124.4,129.49701,5.097009277343744
2026-01-12 11:00:00,129.87,127.621735,2.2482653808593795
2026-01-12 12:00:00,129.96,122.764336,7.195664367675789
2026-01-12 13:00:00,132.76,124.2166,8.543401489257803
2026-01-12 14:00:00,128.37,127.55243,0.8175708007812545
2026-01-12 15:00:00,131.71,131.59799,0.11200805664063296
2026-01-12 16:00:00,119.58,128.02472,8.444719238281252
2026-01-12 17:00:00,119.6,127.26779,7.667791748046881
2026-01-12 18:00:00,116.5,122.56898,6.068977355957031
2026-01-12 19:00:00,102.34,107.969505,5.62950531005859
2026-01-12 20:00:00,93.48,101.9804,8.500400085449215
2026-01-12 21:00:00,91.8,98.3858,6.585803222656253
2026-01-12 22:00:00,92.17,93.543625,1.3736248779296858
2026-01-12 23:00:00,86.05,82.39021,3.6597869873046847
2026-01-13 00:00:00,84.3,79.548355,4.751644897460935
2026-01-13 01:00:00,82.69,80.88253,1.807469787597654
2026-01-13 02:00:00,82.69,79.93772,2.7522787475585915
2026-01-13 03:00:00,84.12,79.38791,4.7320910644531295
2026-01-13 04:00:00,86.75,80.39603,6.353973388671875
2026-01-13 05:00:00,88.73,92.05386,3.323863525390621
2026-01-13 06:00:00,97.55,102.462524,4.912524414062503
2026-01-13 07:00:00,116.03,120.54239,4.512388916015624
2026-01-13 08:00:00,129.81,136.11612,6.306119384765623
2026-01-13 09:00:00,132.52,143.60869,11.088688354492177
2026-01-13 10:00:00,142.2,140.2109,1.9890930175781136
2026-01-13 11:00:00,123.85,129.27824,5.428244018554693
2026-01-13 12:00:00,117.68,124.32945,6.649452514648431
2026-01-13 13:00:00,112.98,124.34998,11.369983215332027
2026-01-13 14:00:00,122.22,120.80546,1.4145419311523426
2026-01-13 15:00:00,120.52,125.513725,4.993725280761723
2026-01-13 16:00:00,122.15,133.62025,11.470254516601557
2026-01-13 17:00:00,122.33,135.22466,12.89465515136719
2026-01-13 18:00:00,113.35,122.64399,9.293989562988287
2026-01-13 19:00:00,98.74,108.104866,9.364866027832036
2026-01-13 20:00:00,90.95,97.51841,6.568409729003903
2026-01-13 21:00:00,92.21,87.89143,4.318566284179681
2026-01-13 22:00:00,90.0,84.798546,5.201454162597656
2026-01-13 23:00:00,82.67,76.127106,6.542894287109377
2026-01-14 00:00:00,85.56,71.661285,13.898714599609377
2026-01-14 01:00:00,84.3,71.82485,12.475148010253903
2026-01-14 02:00:00,85.88,71.3107,14.56930053710937
2026-01-14 03:00:00,86.16,72.582054,13.577945861816403
2026-01-14 04:00:00,87.65,75.45403,12.195967102050787
2026-01-14 05:00:00,89.86,77.28754,12.57246337890625
2026-01-14 06:00:00,95.15,89.15062,5.999380493164068
2026-01-14 07:00:00,105.14,112.21597,7.075972900390624
2026-01-14 08:00:00,128.96,121.357895,7.6021051025390705
2026-01-14 09:00:00,132.03,126.98453,5.045472412109376
2026-01-14 10:00:00,116.45,131.05058,14.600582885742185
2026-01-14 11:00:00,107.53,122.959755,15.429754943847655
2026-01-14 12:00:00,103.48,121.1722,17.69220306396484
2026-01-14 13:00:00,103.6,119.760475,16.160475158691412
2026-01-14 14:00:00,118.22,130.07388,11.853883056640626
2026-01-14 15:00:00,144.63,133.51347,11.116526489257808
2026-01-14 16:00:00,152.86,137.04204,15.817962036132826
2026-01-14 17:00:00,200.02,156.79694,43.22306396484376
2026-01-14 18:00:00,182.35,161.83029,20.51970825195312
2026-01-14 19:00:00,158.77,148.38484,10.385158081054698
2026-01-14 20:00:00,134.01,128.97208,5.037923583984366
2026-01-14 21:00:00,121.79,121.18008,0.6099234008789125
2026-01-14 22:00:00,113.86,113.96971,0.10971130371093807
2026-01-14 23:00:00,97.09,103.20239,6.112392578124997
2026-01-15 00:00:00,100.62,97.77651,2.843487854003911
2026-01-15 01:00:00,94.05,90.378746,3.6712539672851534
2026-01-15 02:00:00,89.34,91.23853,1.8985330200195278
2026-01-15 03:00:00,84.81,88.01007,3.2000708007812477
2026-01-15 04:00:00,82.93,90.08178,7.151779479980462
2026-01-15 05:00:00,86.0,89.538536,3.5385360717773438
2026-01-15 06:00:00,98.2,89.82594,8.37405700683594
2026-01-15 07:00:00,105.12,111.10324,5.9832409667968705
2026-01-15 08:00:00,104.98,123.55314,18.573138732910152
2026-01-15 09:00:00,101.41,119.61604,18.206043090820316
2026-01-15 10:00:00,100.4,108.18496,7.784959411621088
2026-01-15 11:00:00,97.86,90.39426,7.465743408203124
2026-01-15 12:00:00,95.28,90.08041,5.199593811035157
2026-01-15 13:00:00,100.62,95.80209,4.8179064941406295
2026-01-15 14:00:00,105.65,108.57889,2.9288879394531193
2026-01-15 15:00:00,123.1,127.72542,4.625418090820318
2026-01-15 16:00:00,135.37,145.40724,10.037241821289058
2026-01-15 17:00:00,145.5,171.99835,26.49835205078125
2026-01-15 18:00:00,119.75,151.8687,32.11869812011719
2026-01-15 19:00:00,105.49,123.202095,17.712095031738286
2026-01-15 20:00:00,98.16,101.58012,3.4201162719726597
2026-01-15 21:00:00,91.0,94.14479,3.1447906494140625
2026-01-15 22:00:00,88.39,89.427284,1.0372842407226557
2026-01-15 23:00:00,81.16,74.93947,6.220531616210934
2026-01-16 00:00:00,81.05,61.04301,20.006989288330075
2026-01-16 01:00:00,75.0,53.381157,21.61884307861328
2026-01-16 02:00:00,70.57,52.667206,17.902794189453118
2026-01-16 03:00:00,67.23,53.495697,13.734302978515629
2026-01-16 04:00:00,71.38,61.06802,10.311980133056636
2026-01-16 05:00:00,82.05,67.473946,14.576054382324216
2026-01-16 06:00:00,90.72,83.16866,7.551336975097655
2026-01-16 07:00:00,98.6,96.09279,2.507211303710932
2026-01-16 08:00:00,109.31,106.26612,3.043879089355471
2026-01-16 09:00:00,108.93,104.64278,4.287223510742194
2026-01-16 10:00:00,103.03,97.75018,5.279816894531251
2026-01-16 11:00:00,99.79,94.92107,4.868933715820319
2026-01-16 12:00:00,99.2,94.767166,4.43283386230469
2026-01-16 13:00:00,99.31,100.706955,1.3969549560546852
2026-01-16 14:00:00,113.2,115.76963,2.5696304321289034
2026-01-16 15:00:00,141.0,137.14363,3.8563690185546875
2026-01-16 16:00:00,162.68,156.48944,6.190559082031257
2026-01-16 17:00:00,170.33,171.90834,1.57834045410155
2026-01-16 18:00:00,162.44,158.06206,4.37794250488281
2026-01-16 19:00:00,154.18,146.34198,7.838020019531257
2026-01-16 20:00:00,134.0,135.0072,1.0072021484375
2026-01-16 21:00:00,117.61,128.37985,10.769852294921876
2026-01-16 22:00:00,117.71,119.23954,1.5295401000976625
2026-01-16 23:00:00,104.17,102.17718,1.992822570800783
2026-01-17 00:00:00,104.66,102.885124,1.7748757934570278
2026-01-17 01:00:00,101.29,100.75022,0.5397787475586
2026-01-17 02:00:00,98.23,94.58825,3.6417507934570352
2026-01-17 03:00:00,96.14,95.407005,0.7329946899414068
2026-01-17 04:00:00,95.19,95.62904,0.4390435791015648
2026-01-17 05:00:00,95.24,100.025856,4.785856018066411
2026-01-17 06:00:00,95.85,110.2769,14.426901245117193
2026-01-17 07:00:00,99.19,111.44155,12.251551208496096
2026-01-17 08:00:00,105.97,119.00141,13.031411437988282
2026-01-17 09:00:00,116.66,121.32215,4.662151184082035
2026-01-17 10:00:00,115.1,111.46042,3.6395812988281193
2026-01-17 11:00:00,111.61,106.54709,5.062911376953124
2026-01-17 12:00:00,111.95,104.85665,7.093348693847659
2026-01-17 13:00:00,108.64,104.00821,4.631790771484376
2026-01-17 14:00:00,112.82,114.09217,1.272170715332038
2026-01-17 15:00:00,122.77,128.14351,5.3735089111328165
2026-01-17 16:00:00,135.78,135.94159,0.16158935546874886
2026-01-17 17:00:00,140.91,148.09583,7.185825195312503
2026-01-17 18:00:00,142.85,139.13136,3.718637084960932
2026-01-17 19:00:00,138.59,135.87729,2.7127111816406284
2026-01-17 20:00:00,120.79,123.53511,2.7451104736328062
2026-01-17 21:00:00,107.8,112.11959,4.319590759277347
2026-01-17 22:00:00,109.15,111.65372,2.5037170410156193
2026-01-17 23:00:00,107.02,103.65966,3.3603396606445273
2026-01-18 00:00:00,110.72,104.285126,6.434874267578124
2026-01-18 01:00:00,109.19,100.83864,8.351361694335935
2026-01-18 02:00:00,107.39,99.05179,8.338211669921876
2026-01-18 03:00:00,102.54,97.86735,4.67265228271485
2026-01-18 04:00:00,102.24,98.19515,4.044847717285151
2026-01-18 05:00:00,102.08,98.35519,3.7248135375976545
2026-01-18 06:00:00,101.05,100.48367,0.5663269042968722
2026-01-18 07:00:00,100.61,101.5824,0.9723974609375006
2026-01-18 08:00:00,105.68,107.77857,2.0985720825195244
2026-01-18 09:00:00,107.42,115.05168,7.631681518554686
2026-01-18 10:00:00,101.91,110.43241,8.52241119384766
2026-01-18 11:00:00,98.48,103.373055,4.893054504394527
2026-01-18 12:00:00,96.86,103.04033,6.180328979492188
2026-01-18 13:00:00,96.96,100.25978,3.2997808837890688
2026-01-18 14:00:00,100.85,104.37815,3.528150939941412
2026-01-18 15:00:00,105.55,115.214516,9.664515686035159
2026-01-18 16:00:00,114.88,131.98495,17.10495483398438
2026-01-18 17:00:00,129.99,145.29713,15.307134399414053
2026-01-18 18:00:00,142.2,146.3129,4.112896728515636
2026-01-18 19:00:00,136.67,144.27438,7.6043835449218875
2026-01-18 20:00:00,123.05,125.347145,2.297145080566409
2026-01-18 21:00:00,110.63,113.62397,2.993970031738286
2026-01-18 22:00:00,114.28,114.86444,0.5844409179687489
2026-01-18 23:00:00,103.73,109.52271,5.792712707519527
2026-01-19 00:00:00,101.15,108.26886,7.118859863281244
2026-01-19 01:00:00,100.44,104.70668,4.266680297851565
2026-01-19 02:00:00,100.83,101.33308,0.503076477050783
2026-01-19 03:00:00,100.44,99.47081,0.9691900634765602
2026-01-19 04:00:00,100.13,100.39518,0.2651797485351608
2026-01-19 05:00:00,102.53,105.44368,2.9136798095703114
2026-01-19 06:00:00,126.38,115.03353,11.346468811035152
2026-01-19 07:00:00,161.08,133.19673,27.8832684326172
2026-01-19 08:00:00,175.98,144.25455,31.725452880859365
2026-01-19 09:00:00,161.94,139.83849,22.10151428222656
2026-01-19 10:00:00,135.92,128.03148,7.88852111816405
2026-01-19 11:00:00,120.53,115.913025,4.616975097656251
2026-01-19 12:00:00,117.56,116.60839,0.9516091918945335
2026-01-19 13:00:00,125.0,125.1821,0.182098388671875
2026-01-19 14:00:00,144.35,123.851295,20.498704528808588
2026-01-19 15:00:00,170.04,148.32106,21.71893981933593
2026-01-19 16:00:00,194.89,165.55678,29.333222045898424
2026-01-19 17:00:00,208.23,178.19481,30.035191040039052
2026-01-19 18:00:00,200.06,187.79173,12.268267211914065
2026-01-19 19:00:00,180.96,167.12291,13.83709045410157
2026-01-19 20:00:00,157.39,144.04892,13.341080322265611
2026-01-19 21:00:00,135.17,132.83894,2.331056518554675
2026-01-19 22:00:00,126.4,127.29484,0.8948379516601506
2026-01-19 23:00:00,112.47,117.370316,4.900315551757814
2026-01-20 00:00:00,115.06,112.17409,2.8859124755859398
2026-01-20 01:00:00,114.34,111.67206,2.6679418945312534
2026-01-20 02:00:00,110.36,111.46903,1.1090322875976568
2026-01-20 03:00:00,109.87,113.0852,3.215197448730464
2026-01-20 04:00:00,113.17,114.60506,1.4350567626953108
2026-01-20 05:00:00,125.28,116.932175,8.347825317382814
2026-01-20 06:00:00,190.11,137.65753,52.452468261718764
2026-01-20 07:00:00,240.88,231.09503,9.784968261718745
2026-01-20 08:00:00,262.78,269.86313,7.083128662109402
2026-01-20 09:00:00,179.54,191.42741,11.887413940429695
2026-01-20 10:00:00,132.17,146.4418,14.271802978515638
2026-01-20 11:00:00,107.95,126.90858,18.95857696533203
2026-01-20 12:00:00,103.62,121.6667,18.046702270507808
2026-01-20 13:00:00,105.76,126.02865,20.26864837646484
2026-01-20 14:00:00,136.72,135.89813,0.8218676757812489
2026-01-20 15:00:00,178.26,172.06,6.200002441406241
2026-01-20 16:00:00,276.74,231.00351,45.736490478515634
2026-01-20 17:00:00,249.63,228.73784,20.892161254882808
2026-01-20 18:00:00,193.93,207.16945,13.239448852539056
2026-01-20 19:00:00,181.92,172.7118,9.208192749023425
2026-01-20 20:00:00,155.1,151.50302,3.5969787597656193
2026-01-20 21:00:00,139.89,137.19476,2.6952368164062364
2026-01-20 22:00:00,117.19,126.79377,9.603769836425784
2026-01-20 23:00:00,107.84,118.882355,11.042354736328122
2026-01-21 00:00:00,101.49,116.628456,15.138456115722661
2026-01-21 01:00:00,101.72,114.687805,12.967805175781251
2026-01-21 02:00:00,98.76,112.492744,13.732744445800776
2026-01-21 03:00:00,100.91,113.03305,12.123050537109378
2026-01-21 04:00:00,98.85,113.44923,14.599226379394537
2026-01-21 05:00:00,98.69,119.4724,20.78239685058594
2026-01-21 06:00:00,107.87,150.30449,42.43448913574218
2026-01-21 07:00:00,160.0,173.77658,13.776580810546875
2026-01-21 08:00:00,176.4,188.49728,12.09728393554687
2026-01-21 09:00:00,142.89,153.04605,10.156051025390639
2026-01-21 10:00:00,118.3,126.29352,7.993518066406253
2026-01-21 11:00:00,100.99,107.15833,6.168332824707036
2026-01-21 12:00:00,99.13,100.72602,1.5960208129882858
2026-01-21 13:00:00,103.48,106.55337,3.0733676147460898
2026-01-21 14:00:00,108.62,127.37974,18.7597378540039
2026-01-21 15:00:00,126.93,144.17128,17.241279907226556
2026-01-21 16:00:00,145.04,181.03586,35.99585815429688
2026-01-21 17:00:00,139.11,186.06248,46.952484741210924
2026-01-21 18:00:00,138.91,174.86583,35.95582946777344
2026-01-21 19:00:00,127.83,158.51257,30.6825732421875
2026-01-21 20:00:00,105.45,135.1621,29.712094116210935
2026-01-21 21:00:00,102.44,129.58655,27.146547851562502
2026-01-21 22:00:00,104.76,109.11134,4.351343383789057
2026-01-21 23:00:00,99.38,102.37348,2.993481750488286
2026-01-22 00:00:00,92.8,97.45667,4.656672668457034
2026-01-22 01:00:00,92.53,94.546875,2.016874999999999
2026-01-22 02:00:00,91.45,95.47531,4.025311279296872
2026-01-22 03:00:00,91.82,95.97688,4.156882934570319
2026-01-22 04:00:00,92.85,96.3537,3.5036987304687557
2026-01-22 05:00:00,93.19,101.1337,7.943697509765627
2026-01-22 06:00:00,100.68,110.75505,10.07505065917968
2026-01-22 07:00:00,125.52,145.92871,20.408710937500004
2026-01-22 08:00:00,137.12,149.62915,12.509150390624995
2026-01-22 09:00:00,114.42,139.62366,25.2036572265625
2026-01-22 10:00:00,95.26,113.055145,17.79514526367187
2026-01-22 11:00:00,89.08,94.45761,5.377611083984377
2026-01-22 12:00:00,83.86,91.52418,7.664177551269532
2026-01-22 13:00:00,88.07,94.65025,6.580253295898444
2026-01-22 14:00:00,94.91,105.2461,10.336101379394535
2026-01-22 15:00:00,107.78,127.19743,19.417433471679686
2026-01-22 16:00:00,130.9,154.5667,23.666696166992182
2026-01-22 17:00:00,136.37,162.61687,26.246867065429683
2026-01-22 18:00:00,129.67,156.15207,26.482069091796888
2026-01-22 19:00:00,121.57,135.71158,14.141578369140632
2026-01-22 20:00:00,109.35,108.85858,0.4914184570312443
2026-01-22 21:00:00,106.95,108.03411,1.084111022949216
2026-01-22 22:00:00,103.32,106.260155,2.9401547241211006
2026-01-22 23:00:00,97.31,102.35764,5.047643127441404
2026-01-23 00:00:00,97.89,101.094086,3.2040856933593744
2026-01-23 01:00:00,97.25,99.11266,1.8626632690429688
2026-01-23 02:00:00,95.95,98.84825,2.8982513427734347
2026-01-23 03:00:00,95.0,98.312195,3.31219482421875
2026-01-23 04:00:00,95.62,99.88001,4.260012512207027
2026-01-23 05:00:00,97.0,98.99651,1.9965133666992188
2026-01-23 06:00:00,108.2,100.80207,7.397929382324222
2026-01-23 07:00:00,133.0,131.74342,1.2565765380859375
2026-01-23 08:00:00,152.94,144.08801,8.851987304687498
2026-01-23 09:00:00,142.49,120.25615,22.23385070800782
2026-01-23 10:00:00,115.38,101.818306,13.561694030761714
2026-01-23 11:00:00,100.13,93.22985,6.900149230957027
2026-01-23 12:00:00,96.21,88.26594,7.9440621948242125
2026-01-23 13:00:00,95.76,88.80962,6.950376281738286
2026-01-23 14:00:00,97.08,95.307884,1.7721157836914045
2026-01-23 15:00:00,108.77,110.9784,2.2084011840820352
2026-01-23 16:00:00,124.05,127.30356,3.253558349609378
2026-01-23 17:00:00,136.08,138.51826,2.4382647705078
2026-01-23 18:00:00,128.48,129.26363,0.7836260986328227
2026-01-23 19:00:00,116.8,122.29941,5.499407958984378
2026-01-23 20:00:00,107.22,109.49146,2.2714627075195324
2026-01-23 21:00:00,103.96,105.25209,1.2920904541015688
2026-01-23 22:00:00,104.79,101.825615,2.9643850708007875
2026-01-23 23:00:00,97.0,93.07601,3.9239883422851562
2026-01-24 00:00:00,99.8,95.71396,4.086041259765622
2026-01-24 01:00:00,99.04,92.98793,6.052069702148444
2026-01-24 02:00:00,98.32,92.15694,6.163063354492181
2026-01-24 03:00:00,97.83,95.04204,2.787962036132811
2026-01-24 04:00:00,97.55,96.46459,1.0854080200195284
2026-01-24 05:00:00,98.91,96.58046,2.329540405273434
2026-01-24 06:00:00,100.4,97.16102,3.2389816284179744
2026-01-24 07:00:00,104.06,110.389755,6.329755249023435
2026-01-24 08:00:00,111.0,118.58349,7.583488464355469
2026-01-24 09:00:00,123.09,120.020485,3.069515075683597
2026-01-24 10:00:00,119.24,111.628494,7.611505737304682
2026-01-24 11:00:00,110.3,103.72653,6.573468017578122
2026-01-24 12:00:00,106.22,100.85513,5.364866943359374
2026-01-24 13:00:00,101.87,101.78437,0.0856295776367233
2026-01-24 14:00:00,105.12,102.14934,2.970662231445317
2026-01-24 15:00:00,118.23,113.08458,5.1454205322265665
2026-01-24 16:00:00,131.91,126.99609,4.913906249999997
2026-01-24 17:00:00,146.72,137.28821,9.431791992187499
2026-01-24 18:00:00,141.75,131.74268,10.00732421875
2026-01-24 19:00:00,131.93,126.99178,4.938216857910163
2026-01-24 20:00:00,118.67,113.40934,5.2606600952148455
2026-01-24 21:00:00,110.54,109.67483,0.8651724243164125
2026-01-24 22:00:00,110.31,107.43037,2.879633483886721
2026-01-24 23:00:00,104.15,106.75648,2.6064773559570256
2026-01-25 00:00:00,101.44,109.78269,8.342691955566409
2026-01-25 01:00:00,101.76,104.78148,3.0214788818359324
2026-01-25 02:00:00,101.32,102.962074,1.642074279785163
2026-01-25 03:00:00,101.77,101.96773,0.19772766113281648
2026-01-25 04:00:00,100.86,102.846115,1.986115112304688
2026-01-25 05:00:00,100.51,101.94147,1.4314672851562449
2026-01-25 06:00:00,99.97,104.481606,4.511605529785157
2026-01-25 07:00:00,102.06,106.9877,4.927701416015623
2026-01-25 08:00:00,103.76,116.723915,12.963915100097651
2026-01-25 09:00:00,108.89,124.20439,15.314391479492187
2026-01-25 10:00:00,113.19,124.42714,11.237139282226565
2026-01-25 11:00:00,116.02,116.15985,0.13985107421875398
2026-01-25 12:00:00,120.03,112.77869,7.251313476562501
2026-01-25 13:00:00,116.11,107.818825,8.291175231933593
2026-01-25 14:00:00,114.32,107.67128,6.648720092773431
2026-01-25 15:00:00,111.75,119.62565,7.875648498535156
2026-01-25 16:00:00,116.9,132.00793,15.107934570312494
2026-01-25 17:00:00,131.21,144.02223,12.812232055664055
2026-01-25 18:00:00,137.38,141.95023,4.5702258300781295
2026-01-25 19:00:00,132.58,138.84776,6.267763061523425
2026-01-25 20:00:00,124.02,127.83819,3.8181881713867227
2026-01-25 21:00:00,114.02,118.93688,4.916882019042973
2026-01-25 22:00:00,111.94,118.44407,6.5040689086914085
2026-01-25 23:00:00,104.49,109.18063,4.69063354492188
2026-01-26 00:00:00,103.93,105.74719,1.8171923828124932
2026-01-26 01:00:00,101.11,104.89766,3.787659301757813
2026-01-26 02:00:00,98.73,101.88132,3.151317138671871
2026-01-26 03:00:00,95.85,102.157524,6.307524108886724
2026-01-26 04:00:00,95.03,102.16655,7.136549682617186
2026-01-26 05:00:00,97.19,108.05303,10.863031921386721
2026-01-26 06:00:00,114.28,128.78206,14.502058715820311
2026-01-26 07:00:00,153.2,161.51886,8.318859863281261
2026-01-26 08:00:00,175.13,184.72926,9.599263305664067
2026-01-26 09:00:00,177.97,184.36436,6.394364624023439
2026-01-26 10:00:00,178.01,169.53255,8.477453002929678
2026-01-26 11:00:00,170.34,165.10655,5.233447875976566
2026-01-26 12:00:00,156.03,164.07169,8.041685791015624
2026-01-26 13:00:00,149.39,159.9097,10.519698486328139
2026-01-26 14:00:00,147.78,161.52368,13.743681640624999
2026-01-26 15:00:00,159.97,167.30971,7.339707641601564
2026-01-26 16:00:00,166.33,181.42776,15.097764892578112
2026-01-26 17:00:00,178.7,196.72656,18.02656250000001
2026-01-26 18:00:00,178.02,203.45215,25.43214843749999
2026-01-26 19:00:00,169.97,175.66953,5.699525146484376
2026-01-26 20:00:00,154.17,159.41055,5.2405529785156375
2026-01-26 21:00:00,137.11,140.16064,3.0506445312499864
2026-01-26 22:00:00,121.5,136.5762,15.076202392578125
2026-01-26 23:00:00,111.68,113.62052,1.9405215454101494
2026-01-27 00:00:00,118.77,117.31751,1.4524874877929648
2026-01-27 01:00:00,113.7,112.315346,1.3846542358398466
2026-01-27 02:00:00,112.16,110.54341,1.616588745117184
2026-01-27 03:00:00,111.49,113.15646,1.6664636230468801
2026-01-27 04:00:00,110.55,111.274445,0.7244445800781278
2026-01-27 05:00:00,111.65,116.86882,5.218820190429682
2026-01-27 06:00:00,133.61,155.60089,21.990891113281236
2026-01-27 07:00:00,159.88,224.94276,65.06276428222657
2026-01-27 08:00:00,176.64,242.1597,65.51969848632814
2026-01-27 09:00:00,171.2,205.76068,34.56068115234376
2026-01-27 10:00:00,148.46,169.04292,20.582922973632805
2026-01-27 11:00:00,133.29,158.6138,25.323800048828133
2026-01-27 12:00:00,123.03,150.29843,27.268431396484374
2026-01-27 13:00:00,112.49,148.1499,35.659902343750005
2026-01-27 14:00:00,131.08,146.99869,15.918687744140612
2026-01-27 15:00:00,127.45,147.60976,20.15975646972656
2026-01-27 16:00:00,132.98,136.31541,3.3354144287109477
2026-01-27 17:00:00,152.62,149.5824,3.0376025390625045
2026-01-27 18:00:00,141.14,155.41533,14.275328979492201
2026-01-27 19:00:00,138.88,143.83347,4.9534655761718795
2026-01-27 20:00:00,121.59,136.37819,14.788189086914059
2026-01-27 21:00:00,119.37,128.67284,9.302836303710933
2026-01-27 22:00:00,120.7,116.060745,4.63925476074219
2026-01-27 23:00:00,111.85,109.98144,1.8685623168945256
2026-01-28 00:00:00,105.48,109.188515,3.7085147094726523
2026-01-28 01:00:00,104.47,104.35504,0.11495849609374886
2026-01-28 02:00:00,104.47,104.4707,0.0007031250000011369
2026-01-28 03:00:00,102.24,102.69925,0.4592492675781301
2026-01-28 04:00:00,104.71,104.1988,0.5112008666992125
2026-01-28 05:00:00,106.6,107.17004,0.5700363159179744
2026-01-28 06:00:00,113.7,122.721245,9.021244812011716
2026-01-28 07:00:00,143.6,154.95284,11.352835083007818
2026-01-28 08:00:00,171.0,163.73006,7.2699432373046875
2026-01-28 09:00:00,173.65,162.61386,11.03613891601563
2026-01-28 10:00:00,172.33,150.38853,21.941465454101575
2026-01-28 11:00:00,166.24,147.27466,18.96534179687501
2026-01-28 12:00:00,157.09,141.59749,15.492511596679691
2026-01-28 13:00:00,147.91,135.01147,12.898525390624997
2026-01-28 14:00:00,145.04,147.11702,2.0770196533203205
2026-01-28 15:00:00,141.14,145.21349,4.073485717773451
2026-01-28 16:00:00,147.13,144.32147,2.8085278320312455
2026-01-28 17:00:00,164.22,159.5192,4.700804443359374
2026-01-28 18:00:00,170.43,153.5583,16.871696166992194
2026-01-28 19:00:00,161.23,138.23013,22.999866943359365
2026-01-28 20:00:00,134.27,124.182556,10.08744384765626
2026-01-28 21:00:00,119.01,119.83134,0.8213369750976511
2026-01-28 22:00:00,117.0,112.74392,4.256080627441406
2026-01-28 23:00:00,110.96,106.02699,4.933007202148431
2026-01-29 00:00:00,104.55,100.28564,4.264363098144528
2026-01-29 01:00:00,104.0,100.98713,3.0128707885742188
2026-01-29 02:00:00,101.88,100.34708,1.5329235839843705
2026-01-29 03:00:00,100.02,99.65658,0.36342193603515227
2026-01-29 04:00:00,100.93,101.96804,1.038040466308587
2026-01-29 05:00:00,104.64,107.686386,3.046386108398437
2026-01-29 06:00:00,116.12,118.20838,2.0883816528320267
2026-01-29 07:00:00,149.6,146.37547,3.224526977539057
2026-01-29 08:00:00,165.68,182.05234,16.372337646484368
2026-01-29 09:00:00,168.04,177.31454,9.274544677734383
2026-01-29 10:00:00,160.68,168.91379,8.233787841796868
2026-01-29 11:00:00,152.79,163.62822,10.838219604492195
2026-01-29 12:00:00,143.04,162.30136,19.261361083984383
2026-01-29 13:00:00,142.82,153.92592,11.10591857910157
2026-01-29 14:00:00,142.99,157.5554,14.565404663085928
2026-01-29 15:00:00,147.61,160.22362,12.613617553710924
2026-01-29 16:00:00,153.1,171.15443,18.054434204101568
2026-01-29 17:00:00,159.48,185.84023,26.360225219726573
2026-01-29 18:00:00,157.24,177.70546,20.465459594726553
2026-01-29 19:00:00,150.04,169.56555,19.525551757812508
2026-01-29 20:00:00,126.56,147.66606,21.106061401367185
2026-01-29 21:00:00,113.57,130.02522,16.45522277832032
2026-01-29 22:00:00,109.32,121.177574,11.85757415771485
2026-01-29 23:00:00,102.98,114.94237,11.962367553710934
2026-01-30 00:00:00,111.07,105.680595,5.389404602050774
2026-01-30 01:00:00,103.31,102.9707,0.3392968750000023
2026-01-30 02:00:00,100.85,102.68107,1.831068420410162
2026-01-30 03:00:00,97.39,103.62113,6.231131896972656
2026-01-30 04:00:00,97.3,102.26306,4.963061523437503
2026-01-30 05:00:00,96.28,103.93434,7.654341430664061
2026-01-30 06:00:00,111.13,117.76099,6.6309863281250045
2026-01-30 07:00:00,131.78,148.09567,16.315672607421874
2026-01-30 08:00:00,143.76,159.55461,15.794611206054697
2026-01-30 09:00:00,147.04,153.77986,6.7398614501953205
2026-01-30 10:00:00,132.63,150.3875,17.757496948242192
2026-01-30 11:00:00,126.1,134.60716,8.507162475585943
2026-01-30 12:00:00,118.21,126.12615,7.916152038574225
2026-01-30 13:00:00,110.39,122.125496,11.73549591064453
2026-01-30 14:00:00,110.32,121.47996,11.159957580566413
2026-01-30 15:00:00,111.2,124.64022,13.440220642089841
2026-01-30 16:00:00,114.94,137.50539,22.565386352539065
2026-01-30 17:00:00,124.81,142.74512,17.935117187499998
2026-01-30 18:00:00,122.89,140.10272,17.21272216796875
2026-01-30 19:00:00,113.09,132.17252,19.08251586914062
2026-01-30 20:00:00,108.6,112.35862,3.758619689941412
2026-01-30 21:00:00,101.68,103.89931,2.2193072509765557
2026-01-30 22:00:00,101.09,100.74577,0.3442266845703159
2026-01-30 23:00:00,92.7,90.38279,2.3172103881835966
2026-01-31 00:00:00,96.95,96.032715,0.9172851562500028
2026-01-31 01:00:00,97.38,91.87225,5.5077465820312455
2026-01-31 02:00:00,94.51,89.297165,5.212835083007818
2026-01-31 03:00:00,94.08,87.29025,6.789747314453123
2026-01-31 04:00:00,93.32,83.05798,10.262016601562493
2026-01-31 05:00:00,94.06,83.60195,10.458048400878909
2026-01-31 06:00:00,93.45,86.61829,6.831706237792972
2026-01-31 07:00:00,92.9,98.815186,5.915185546874994
2026-01-31 08:00:00,103.96,109.33308,5.3730764770507875
2026-01-31 09:00:00,109.06,113.5534,4.4933981323242165
2026-01-31 10:00:00,114.22,113.13168,1.0883166503906239
2026-01-31 11:00:00,113.47,104.648705,8.821295471191405
2026-01-31 12:00:00,111.28,99.10021,12.179787902832032
2026-01-31 13:00:00,107.39,98.181625,9.208374633789063
2026-01-31 14:00:00,110.3,98.98807,11.311932373046872
2026-01-31 15:00:00,113.17,107.951706,5.218294067382814
2026-01-31 16:00:00,119.36,118.73183,0.6281732177734369
2026-01-31 17:00:00,134.61,128.58382,6.026183471679701
2026-01-31 18:00:00,138.04,126.606834,11.433165588378898
2026-01-31 19:00:00,133.95,120.52449,13.425509643554676
2026-01-31 20:00:00,125.65,110.628334,15.02166595458985
2026-01-31 21:00:00,114.21,109.15374,5.056260070800775
2026-01-31 22:00:00,114.15,108.89982,5.250181579589849
2026-01-31 23:00:00,105.9,103.062546,2.837454223632818
2026-02-01 00:00:00,96.09,100.790115,4.700115356445309
2026-02-01 01:00:00,94.01,98.12925,4.119249572753901
2026-02-01 02:00:00,98.4,96.71498,1.6850189208984432
2026-02-01 03:00:00,96.06,96.46837,0.4083685302734352
2026-02-01 04:00:00,98.31,97.19156,1.1184411621093773
2026-02-01 05:00:00,98.22,96.87965,1.3403536987304676
2026-02-01 06:00:00,96.02,97.70753,1.6875271606445352
2026-02-01 07:00:00,99.5,101.67505,2.175048828125
2026-02-01 08:00:00,105.26,109.30554,4.045541992187495
2026-02-01 09:00:00,109.23,112.966866,3.7368655395507773
2026-02-01 10:00:00,109.85,111.32772,1.4777206420898494
2026-02-01 11:00:00,108.16,107.444,0.7159997558593716
2026-02-01 12:00:00,107.13,103.53973,3.5902737426757767
2026-02-01 13:00:00,100.39,100.829056,0.43905578613281193
2026-02-01 14:00:00,102.24,102.34175,0.10175109863281762
2026-02-01 15:00:00,108.96,105.390625,3.5693749999999937
2026-02-01 16:00:00,114.67,117.24577,2.575773315429686
2026-02-01 17:00:00,129.49,126.36931,3.1206915283203216
2026-02-01 18:00:00,136.84,133.24722,3.5927770996093784
2026-02-01 19:00:00,137.39,130.73972,6.650284423828111
2026-02-01 20:00:00,125.59,121.963615,3.6263845825195347
2026-02-01 21:00:00,113.86,112.76816,1.0918420410156244
2026-02-01 22:00:00,113.89,105.773796,8.116203918457032
2026-02-01 23:00:00,106.55,97.27534,9.274662780761716
2026-02-02 00:00:00,99.59,79.88113,19.70887359619141
2026-02-02 01:00:00,97.99,71.72619,26.263811340332026
2026-02-02 02:00:00,95.09,71.0919,23.998096313476566
2026-02-02 03:00:00,91.0,74.63393,16.366073608398438
2026-02-02 04:00:00,91.73,76.11027,15.619732360839848
2026-02-02 05:00:00,94.72,85.95811,8.761893005371093
2026-02-02 06:00:00,106.57,106.95841,0.38841217041016307
2026-02-02 07:00:00,122.89,122.68611,0.20388854980468807
2026-02-02 08:00:00,136.87,123.579895,13.290104980468755
2026-02-02 09:00:00,140.16,119.73274,20.427257690429684
2026-02-02 10:00:00,124.54,112.036385,12.503615417480475
2026-02-02 11:00:00,114.67,102.01356,12.65644256591797
2026-02-02 12:00:00,109.21,96.036354,13.173645935058587
2026-02-02 13:00:00,104.0,96.9793,7.020698547363281
2026-02-02 14:00:00,102.9,97.31466,5.585340881347662
2026-02-02 15:00:00,105.08,102.209236,2.870763854980467
2026-02-02 16:00:00,109.78,117.854996,8.074995727539061
2026-02-02 17:00:00,118.2,121.95181,3.751812744140622
2026-02-02 18:00:00,118.97,120.36297,1.3929684448242199
2026-02-02 19:00:00,105.0,115.543015,10.543014526367188
2026-02-02 20:00:00,102.26,109.10373,6.84372924804687
2026-02-02 21:00:00,102.02,95.624374,6.3956256103515585
2026-02-02 22:00:00,101.23,88.67093,12.559071044921879
2026-02-02 23:00:00,91.38,75.8144,15.565600280761714
2026-02-03 00:00:00,91.72,70.76414,20.955862731933593
2026-02-03 01:00:00,89.37,66.86898,22.50101959228516
2026-02-03 02:00:00,84.01,63.3299,20.68010116577149
2026-02-03 03:00:00,79.94,64.650246,15.289754333496091
2026-02-03 04:00:00,76.84,65.217445,11.622554626464847
2026-02-03 05:00:00,82.16,67.17068,14.989322814941403
2026-02-03 06:00:00,91.16,82.223305,8.93669525146484
2026-02-03 07:00:00,97.69,97.82153,0.13153320312500227
2026-02-03 08:00:00,106.27,105.61635,0.6536517333984335
2026-02-03 09:00:00,108.23,103.853745,4.3762554931640665
2026-02-03 10:00:00,99.94,88.388,11.551999511718748
2026-02-03 11:00:00,90.83,81.911934,8.918066101074217
2026-02-03 12:00:00,87.95,80.67549,7.27450866699219
2026-02-03 13:00:00,89.91,82.266884,7.64311614990234
2026-02-03 14:00:00,93.15,88.22333,4.926672363281256
2026-02-03 15:00:00,100.41,99.35256,1.0574380493164028
2026-02-03 16:00:00,106.62,110.34668,3.7266796874999955
2026-02-03 17:00:00,125.77,123.21706,2.5529437255859335
2026-02-03 18:00:00,126.35,126.88566,0.5356582641601619
2026-02-03 19:00:00,123.23,119.47443,3.755573730468754
2026-02-03 20:00:00,112.9,113.6265,0.7265029907226506
2026-02-03 21:00:00,103.29,106.94313,3.6531304931640562
2026-02-03 22:00:00,100.9,105.4029,4.502900695800776
2026-02-03 23:00:00,94.81,96.587585,1.7775854492187477
2026-02-04 00:00:00,95.0,95.223976,0.22397613525390625
2026-02-04 01:00:00,92.79,97.65486,4.864861450195306
2026-02-04 02:00:00,92.96,96.238365,3.27836517333985
2026-02-04 03:00:00,94.62,97.31716,2.697161560058589
2026-02-04 04:00:00,93.96,103.35416,9.394156494140631
2026-02-04 05:00:00,96.59,108.145805,11.555805358886715
2026-02-04 06:00:00,105.29,122.77961,17.489609680175775
2026-02-04 07:00:00,122.94,140.94037,18.000368652343752
2026-02-04 08:00:00,131.61,152.97362,21.363617553710924
2026-02-04 09:00:00,122.67,143.28831,20.618314819335936
2026-02-04 10:00:00,110.0,133.6046,23.604598999023438
2026-02-04 11:00:00,98.71,117.6914,18.981398620605475
2026-02-04 12:00:00,91.91,111.3374,19.427402343750003
2026-02-04 13:00:00,91.38,111.77945,20.39944946289063
2026-02-04 14:00:00,96.08,116.06126,19.981256408691408
2026-02-04 15:00:00,102.88,126.43286,23.552861328125005
2026-02-04 16:00:00,114.18,127.57189,13.391891784667962
2026-02-04 17:00:00,124.62,141.18044,16.560435180664058
2026-02-04 18:00:00,117.04,139.92906,22.88906188964843
2026-02-04 19:00:00,104.52,127.85347,23.333469848632816
2026-02-04 20:00:00,96.29,121.37758,25.087578735351556
2026-02-04 21:00:00,94.75,109.41201,14.662010192871094
2026-02-04 22:00:00,93.82,101.53143,7.711433105468757
2026-02-04 23:00:00,86.31,99.26615,12.956151428222654
2026-02-05 00:00:00,90.3,93.784386,3.4843856811523466
2026-02-05 01:00:00,88.44,93.02459,4.584589538574221
2026-02-05 02:00:00,87.43,93.54476,6.114761657714837
2026-02-05 03:00:00,87.8,94.21408,6.414080810546878
2026-02-05 04:00:00,89.57,94.08943,4.519431762695319
2026-02-05 05:00:00,91.51,101.7078,10.197801818847651
2026-02-05 06:00:00,102.85,107.7853,4.935301208496099
2026-02-05 07:00:00,113.32,132.45221,19.132209472656257
2026-02-05 08:00:00,125.37,141.17949,15.809489135742183
2026-02-05 09:00:00,121.52,138.50854,16.988544921875004
2026-02-05 10:00:00,118.19,134.80585,16.615847167968752
2026-02-05 11:00:00,121.07,130.23843,9.168433837890632
2026-02-05 12:00:00,108.25,119.12291,10.872909545898438
2026-02-05 13:00:00,109.76,116.56433,6.804331054687495
2026-02-05 14:00:00,110.1,114.556274,4.456274414062506
2026-02-05 15:00:00,116.98,121.73343,4.753428955078121
2026-02-05 16:00:00,126.0,143.21365,17.213653564453125
2026-02-05 17:00:00,140.5,151.38187,10.881866455078125
2026-02-05 18:00:00,136.64,146.00801,9.368010864257826
2026-02-05 19:00:00,132.91,143.38722,10.477222290039066
2026-02-05 20:00:00,120.81,125.20551,4.395513000488279
2026-02-05 21:00:00,107.78,120.21651,12.436506958007811
2026-02-05 22:00:00,105.88,113.25601,7.3760119628906295
2026-02-05 23:00:00,100.04,105.50523,5.465233764648431
2026-02-06 00:00:00,99.31,115.981155,16.67115539550781
2026-02-06 01:00:00,99.13,109.54353,10.413533325195317
2026-02-06 02:00:00,98.09,105.29252,7.202518615722653
2026-02-06 03:00:00,98.23,104.593765,6.3637652587890585
2026-02-06 04:00:00,98.74,109.12315,10.383153686523443
2026-02-06 05:00:00,102.33,108.37927,6.049272460937502
2026-02-06 06:00:00,115.42,124.910446,9.490446166992186
2026-02-06 07:00:00,139.46,149.21735,9.757346191406242
2026-02-06 08:00:00,144.74,148.67601,3.9360101318359284
2026-02-06 09:00:00,144.2,154.32672,10.126721191406261
2026-02-06 10:00:00,142.09,146.07996,3.9899560546874966
2026-02-06 11:00:00,138.91,139.16385,0.2538488769531284
2026-02-06 12:00:00,136.21,137.36433,1.1543341064453045
2026-02-06 13:00:00,135.89,136.7178,0.8278039550781386
2026-02-06 14:00:00,135.67,132.32852,3.3414782714843625
2026-02-06 15:00:00,139.47,140.0844,0.6143963623046886
2026-02-06 16:00:00,133.96,144.674,10.71399597167968
2026-02-06 17:00:00,137.19,156.61179,19.421785888671877
2026-02-06 18:00:00,132.19,139.53761,7.347612915039065
2026-02-06 19:00:00,125.63,132.04503,6.415028686523442
2026-02-06 20:00:00,110.98,120.76653,9.786532897949215
2026-02-06 21:00:00,108.85,112.07615,3.226148986816412
2026-02-06 22:00:00,106.26,108.5979,2.337900390624995
2026-02-06 23:00:00,102.24,102.792755,0.5527551269531301
2026-02-07 00:00:00,101.49,100.40435,1.0856497192382761
2026-02-07 01:00:00,100.0,100.56854,0.56854248046875
2026-02-07 02:00:00,98.04,99.45265,1.4126519775390562
2026-02-07 03:00:00,96.89,98.8849,1.994902954101562
2026-02-07 04:00:00,96.4,99.605965,3.2059646606445256
2026-02-07 05:00:00,96.73,99.960526,3.2305255126953085
2026-02-07 06:00:00,97.1,104.41857,7.318571472167974
2026-02-07 07:00:00,105.55,122.220726,16.670726013183597
2026-02-07 08:00:00,114.08,127.21453,13.13453094482422
2026-02-07 09:00:00,117.98,127.85833,9.878329772949215
2026-02-07 10:00:00,110.06,122.11315,12.053151550292966
2026-02-07 11:00:00,104.53,123.72039,19.190390319824218
2026-02-07 12:00:00,100.12,122.693054,22.573054199218745
2026-02-07 13:00:00,97.39,118.258995,20.868995056152343
2026-02-07 14:00:00,99.93,118.46689,18.536888427734368
2026-02-07 15:00:00,106.33,125.38844,19.058442993164064
2026-02-07 16:00:00,120.29,127.08594,6.795937499999994
2026-02-07 17:00:00,134.04,142.05981,8.019814453125008
2026-02-07 18:00:00,135.33,139.10297,3.7729663085937375
2026-02-07 19:00:00,127.5,128.30795,0.807952880859375
2026-02-07 20:00:00,113.4,118.51108,5.111077880859369
2026-02-07 21:00:00,104.39,114.07693,9.686927185058593
2026-02-07 22:00:00,104.07,112.67429,8.604293518066413
2026-02-07 23:00:00,98.76,104.99647,6.236467590332026
2026-02-08 00:00:00,102.04,102.18378,0.14377685546874375
2026-02-08 01:00:00,99.05,100.269775,1.2197753906250028
2026-02-08 02:00:00,97.57,96.74181,0.8281863403320244
2026-02-08 03:00:00,96.43,94.66389,1.7661129760742256
2026-02-08 04:00:00,94.86,97.61009,2.750092163085938
2026-02-08 05:00:00,95.75,95.9925,0.24250030517578125
2026-02-08 06:00:00,95.0,96.869995,1.8699951171875
2026-02-08 07:00:00,95.81,106.440384,10.63038391113281
2026-02-08 08:00:00,100.35,112.175705,11.825704956054693
2026-02-08 09:00:00,101.99,113.89066,11.900663146972661
2026-02-08 10:00:00,102.65,109.992035,7.342034912109369
2026-02-08 11:00:00,99.6,105.729645,6.129644775390631
2026-02-08 12:00:00,96.57,105.278076,8.708076171875007
2026-02-08 13:00:00,95.45,101.0091,5.559101867675778
2026-02-08 14:00:00,97.22,103.101616,5.88161590576172
2026-02-08 15:00:00,103.32,107.39842,4.078422241210944
2026-02-08 16:00:00,111.79,117.41016,5.620156249999994
2026-02-08 17:00:00,127.63,131.00931,3.3793078613281295
2026-02-08 18:00:00,131.27,133.40234,2.1323437499999898
2026-02-08 19:00:00,126.91,127.74214,0.8321417236328159
2026-02-08 20:00:00,113.28,121.68721,8.407210083007811
2026-02-08 21:00:00,107.63,114.92899,7.298993225097661
2026-02-08 22:00:00,105.14,109.36489,4.224891052246093
2026-02-08 23:00:00,99.98,103.93024,3.950236816406246
2026-02-09 00:00:00,96.75,100.23413,3.484130859375
2026-02-09 01:00:00,95.45,102.42944,6.979443359374997
2026-02-09 02:00:00,95.7,103.761185,8.06118469238281
2026-02-09 03:00:00,95.47,102.429634,6.959634094238282
2026-02-09 04:00:00,96.57,102.92839,6.358390502929694
2026-02-09 05:00:00,104.74,107.70195,2.9619500732421926
2026-02-09 06:00:00,132.24,127.20428,5.03572296142579
2026-02-09 07:00:00,158.59,180.92343,22.33343139648437
2026-02-09 08:00:00,182.71,200.55109,17.841086425781242
2026-02-09 09:00:00,169.21,191.65541,22.445410766601555
2026-02-09 10:00:00,157.29,174.62024,17.330239257812508
2026-02-09 11:00:00,144.38,150.4858,6.105794067382817
2026-02-09 12:00:00,137.07,136.90845,0.16155273437499318
2026-02-09 13:00:00,135.03,135.01797,0.012025146484376137
2026-02-09 14:00:00,137.66,137.52518,0.1348229980468716
2026-02-09 15:00:00,149.08,175.50703,26.4270343017578
2026-02-09 16:00:00,168.98,202.51831,33.53831054687501
2026-02-09 17:00:00,227.21,219.0406,8.169396362304695
2026-02-09 18:00:00,182.23,214.14742,31.917415161132823
2026-02-09 19:00:00,165.81,199.2121,33.40209716796875
2026-02-09 20:00:00,144.13,146.83206,2.7020617675781295
2026-02-09 21:00:00,134.6,131.84988,2.7501159667968693
2026-02-09 22:00:00,122.9,121.08953,1.810469055175787
2026-02-09 23:00:00,108.92,108.4848,0.4351977539062517
