timestamp,price,ridge_prediction,absolute_error
2026-01-01 00:00:00,58.28,44.45087779216374,13.829122207836264
2026-01-01 01:00:00,42.4,40.8154439071191,1.584556092880895
2026-01-01 02:00:00,19.57,32.52282584817984,12.952825848179842
2026-01-01 03:00:00,6.29,25.635231474784916,19.345231474784917
2026-01-01 04:00:00,3.09,19.945790393997555,16.855790393997555
2026-01-01 05:00:00,0.83,16.839194877908824,16.009194877908826
2026-01-01 06:00:00,0.05,11.462389196308663,11.412389196308663
2026-01-01 07:00:00,0.02,10.471894286823499,10.4518942868235
2026-01-01 08:00:00,0.06,9.055706041003646,8.995706041003645
2026-01-01 09:00:00,0.0,6.040289728962179,6.040289728962179
2026-01-01 10:00:00,0.0,5.546834860801596,5.546834860801596
2026-01-01 11:00:00,0.0,8.544516310846575,8.544516310846575
2026-01-01 12:00:00,-0.01,12.967645129981605,12.977645129981605
2026-01-01 13:00:00,-0.01,13.952206403807239,13.962206403807238
2026-01-01 14:00:00,0.02,18.778902796313645,18.758902796313645
2026-01-01 15:00:00,3.51,21.860310019463313,18.350310019463315
2026-01-01 16:00:00,10.34,28.224170889951843,17.884170889951843
2026-01-01 17:00:00,21.8,35.85043953867455,14.05043953867455
2026-01-01 18:00:00,23.13,34.661108504957575,11.531108504957576
2026-01-01 19:00:00,18.09,29.172224099797617,11.082224099797617
2026-01-01 20:00:00,10.04,23.39497886093352,13.354978860933521
2026-01-01 21:00:00,8.95,20.075150368205144,11.125150368205144
2026-01-01 22:00:00,7.37,19.681791671294064,12.311791671294063
2026-01-01 23:00:00,0.29,15.105680048062752,14.815680048062752
2026-01-02 00:00:00,9.68,8.536439338120019,1.143560661879981
2026-01-02 01:00:00,3.01,-0.4139508793185058,3.4239508793185056
2026-01-02 02:00:00,1.81,-9.006937228409896,10.816937228409897
2026-01-02 03:00:00,0.25,-10.759463541224989,11.009463541224989
2026-01-02 04:00:00,1.73,-5.746371765758127,7.4763717657581275
2026-01-02 05:00:00,12.0,0.5438101466468055,11.456189853353195
2026-01-02 06:00:00,21.8,14.004169713193164,7.7958302868068365
2026-01-02 07:00:00,50.97,31.87608235669316,19.09391764330684
2026-01-02 08:00:00,68.87,43.15634804507246,25.713651954927542
2026-01-02 09:00:00,71.2,50.23606495695991,20.963935043040095
2026-01-02 10:00:00,57.89,49.28582513217508,8.604174867824923
2026-01-02 11:00:00,55.93,45.0962347064852,10.833765293514801
2026-01-02 12:00:00,58.0,42.85124487753012,15.148755122469879
2026-01-02 13:00:00,66.95,43.16453284549096,23.785467154509043
2026-01-02 14:00:00,70.12,45.4068460561795,24.7131539438205
2026-01-02 15:00:00,77.5,53.915763681986334,23.584236318013666
2026-01-02 16:00:00,82.46,63.12327440632208,19.33672559367791
2026-01-02 17:00:00,85.44,71.24137650721191,14.198623492788087
2026-01-02 18:00:00,88.34,71.6576738161898,16.682326183810204
2026-01-02 19:00:00,88.57,67.97136110661907,20.598638893380922
2026-01-02 20:00:00,89.15,61.54099456701904,27.609005432980965
2026-01-02 21:00:00,83.52,57.3906143903698,26.129385609630198
2026-01-02 22:00:00,85.59,55.371375709735766,30.218624290264238
2026-01-02 23:00:00,81.83,46.40994494453357,35.42005505546643
2026-01-03 00:00:00,80.16,47.85739240525754,32.302607594742454
2026-01-03 01:00:00,78.33,42.64767003274545,35.682329967254546
2026-01-03 02:00:00,75.82,41.437674993009324,34.38232500699067
2026-01-03 03:00:00,74.82,41.38907092628226,33.430929073717735
2026-01-03 04:00:00,73.02,42.23031120414987,30.789688795850125
2026-01-03 05:00:00,74.99,45.948072837390455,29.04192716260954
2026-01-03 06:00:00,75.91,51.326169656233226,24.58383034376677
2026-01-03 07:00:00,79.31,68.37386052814006,10.936139471859946
2026-01-03 08:00:00,90.69,82.74615883157782,7.943841168422182
2026-01-03 09:00:00,94.09,84.2205763055274,9.869423694472601
2026-01-03 10:00:00,93.31,78.6489968373054,14.661003162694598
2026-01-03 11:00:00,88.71,75.10922810490635,13.600771895093644
2026-01-03 12:00:00,87.41,71.70712921688133,15.70287078311867
2026-01-03 13:00:00,86.6,73.15725243546343,13.44274756453656
2026-01-03 14:00:00,89.68,76.59965936163042,13.080340638369591
2026-01-03 15:00:00,94.6,83.81565926275981,10.784340737240186
2026-01-03 16:00:00,99.88,90.03626741020294,9.843732589797057
2026-01-03 17:00:00,109.72,93.48975016397628,16.230249836023717
2026-01-03 18:00:00,110.83,94.76069133378064,16.069308666219356
2026-01-03 19:00:00,104.76,94.0702797764555,10.689720223544512
2026-01-03 20:00:00,97.63,88.56748849485606,9.062511505143931
2026-01-03 21:00:00,91.12,79.64203420258657,11.477965797413432
2026-01-03 22:00:00,90.71,77.43805851508274,13.27194148491725
2026-01-03 23:00:00,86.02,71.85761345596173,14.16238654403827
2026-01-04 00:00:00,88.82,69.05742310925072,19.762576890749273
2026-01-04 01:00:00,85.33,65.43818037881331,19.891819621186684
2026-01-04 02:00:00,85.04,62.746951112680506,22.2930488873195
2026-01-04 03:00:00,83.74,59.82262156739159,23.917378432608402
2026-01-04 04:00:00,82.56,59.58224054388558,22.97775945611442
2026-01-04 05:00:00,83.41,63.06610947542662,20.343890524573375
2026-01-04 06:00:00,83.8,63.94673127828562,19.85326872171438
2026-01-04 07:00:00,86.48,68.48576234526485,17.99423765473516
2026-01-04 08:00:00,88.12,77.85826700218361,10.261732997816395
2026-01-04 09:00:00,94.3,79.17607824902178,15.123921750978212
2026-01-04 10:00:00,94.76,82.54692820395844,12.213071796041561
2026-01-04 11:00:00,90.88,83.89363808293332,6.986361917066674
2026-01-04 12:00:00,89.54,83.53871572021102,6.00128427978899
2026-01-04 13:00:00,86.78,87.77330500490376,0.9933050049037604
2026-01-04 14:00:00,92.68,92.18870129917354,0.4912987008264622
2026-01-04 15:00:00,93.2,99.8931205247116,6.693120524711603
2026-01-04 16:00:00,100.59,112.12158960162641,11.531589601626408
2026-01-04 17:00:00,118.43,124.44096538912939,6.010965389129382
2026-01-04 18:00:00,121.18,128.88539736559892,7.7053973655989125
2026-01-04 19:00:00,119.72,124.34167214076544,4.62167214076544
2026-01-04 20:00:00,112.45,115.09132565620527,2.641325656205268
2026-01-04 21:00:00,99.7,106.42638578313102,6.726385783131022
2026-01-04 22:00:00,95.77,102.10091990538231,6.330919905382316
2026-01-04 23:00:00,89.21,95.50383929950802,6.293839299508022
2026-01-05 00:00:00,92.45,104.67505103961422,12.225051039614215
2026-01-05 01:00:00,88.85,100.04502532924552,11.195025329245524
2026-01-05 02:00:00,86.51,99.40335174158143,12.893351741581426
2026-01-05 03:00:00,86.31,97.32558264363509,11.015582643635085
2026-01-05 04:00:00,87.5,98.83660937239908,11.336609372399082
2026-01-05 05:00:00,90.86,108.2797768770588,17.419776877058794
2026-01-05 06:00:00,109.02,124.76169337195546,15.741693371955463
2026-01-05 07:00:00,129.31,142.02909611540443,12.719096115404426
2026-01-05 08:00:00,151.18,153.52785434550682,2.3478543455068177
2026-01-05 09:00:00,152.15,158.28485619699572,6.134856196995713
2026-01-05 10:00:00,145.63,152.1115812847089,6.481581284708909
2026-01-05 11:00:00,136.57,143.97099559367717,7.40099559367718
2026-01-05 12:00:00,134.3,143.9883579362032,9.688357936203175
2026-01-05 13:00:00,134.3,148.94007225966334,14.640072259663327
2026-01-05 14:00:00,140.15,155.42991088160176,15.27991088160175
2026-01-05 15:00:00,148.99,160.314450667578,11.324450667577992
2026-01-05 16:00:00,180.71,169.08533097399095,11.624669026009059
2026-01-05 17:00:00,223.43,178.55361591557732,44.87638408442268
2026-01-05 18:00:00,213.59,177.80365209109823,35.786347908901774
2026-01-05 19:00:00,182.8,169.60689523217266,13.19310476782735
2026-01-05 20:00:00,147.03,158.0307029789139,11.000702978913893
2026-01-05 21:00:00,129.1,146.18693960311467,17.086939603114672
2026-01-05 22:00:00,123.85,139.17403405921522,15.324034059215222
2026-01-05 23:00:00,111.3,132.96336347708223,21.66336347708223
2026-01-06 00:00:00,104.7,132.9884031810339,28.2884031810339
2026-01-06 01:00:00,104.6,130.5016420781526,25.901642078152605
2026-01-06 02:00:00,101.55,126.9809447000274,25.430944700027396
2026-01-06 03:00:00,100.09,127.63263235473502,27.54263235473502
2026-01-06 04:00:00,102.45,130.4613415747402,28.0113415747402
2026-01-06 05:00:00,107.0,136.1790272361032,29.179027236103195
2026-01-06 06:00:00,121.29,146.78286109981008,25.49286109981007
2026-01-06 07:00:00,138.5,162.26442636722794,23.76442636722794
2026-01-06 08:00:00,164.19,181.6978612512865,17.5078612512865
2026-01-06 09:00:00,168.82,181.10154129972085,12.281541299720857
2026-01-06 10:00:00,154.84,170.4989093798128,15.658909379812798
2026-01-06 11:00:00,147.27,164.73381220828364,17.463812208283628
2026-01-06 12:00:00,134.43,159.28403286078628,24.854032860786276
2026-01-06 13:00:00,130.2,151.60075841566132,21.40075841566133
2026-01-06 14:00:00,130.7,153.64972380089213,22.949723800892144
2026-01-06 15:00:00,136.99,158.70231024629066,21.712310246290656
2026-01-06 16:00:00,145.01,175.0814072590044,30.071407259004417
2026-01-06 17:00:00,152.99,194.45069969950993,41.46069969950992
2026-01-06 18:00:00,148.27,185.80479329074058,37.534793290740566
2026-01-06 19:00:00,139.12,160.32038405769148,21.20038405769148
2026-01-06 20:00:00,121.6,135.32584580324027,13.725845803240276
2026-01-06 21:00:00,108.56,118.40176064380532,9.841760643805316
2026-01-06 22:00:00,102.22,109.84192591766433,7.621925917664328
2026-01-06 23:00:00,92.82,95.86183374421906,3.041833744219062
2026-01-07 00:00:00,93.99,87.85063228313363,6.13936771686636
2026-01-07 01:00:00,88.61,80.48110287078214,8.128897129217862
2026-01-07 02:00:00,85.04,75.42588825758938,9.614111742410628
2026-01-07 03:00:00,81.65,72.82270311247738,8.827296887522621
2026-01-07 04:00:00,80.78,72.39446004117315,8.385539958826854
2026-01-07 05:00:00,84.88,77.62212062267875,7.257879377321245
2026-01-07 06:00:00,92.77,95.97409484257042,3.204094842570427
2026-01-07 07:00:00,99.2,112.75166363286984,13.551663632869833
2026-01-07 08:00:00,109.35,123.4323404502004,14.082340450200405
2026-01-07 09:00:00,112.13,115.57042143528743,3.4404214352874334
2026-01-07 10:00:00,108.31,101.95944635984786,6.3505536401521425
2026-01-07 11:00:00,99.94,89.65676228073698,10.283237719263013
2026-01-07 12:00:00,96.34,82.10139655858522,14.238603441414782
2026-01-07 13:00:00,93.16,82.17381209033209,10.986187909667905
2026-01-07 14:00:00,95.23,85.81965055462622,9.410349445373782
2026-01-07 15:00:00,101.84,91.19914086529914,10.640859134700861
2026-01-07 16:00:00,106.38,103.17093466328416,3.209065336715838
2026-01-07 17:00:00,125.19,114.69472485490218,10.495275145097821
2026-01-07 18:00:00,124.1,115.52070354301992,8.579296456980074
2026-01-07 19:00:00,116.73,112.68126533067591,4.048734669324091
2026-01-07 20:00:00,108.73,98.00893216316133,10.721067836838671
2026-01-07 21:00:00,98.46,84.42904908017431,14.030950919825685
2026-01-07 22:00:00,93.96,78.89937420701476,15.060625792985235
2026-01-07 23:00:00,88.76,73.65390426391964,15.106095736080363
2026-01-08 00:00:00,84.08,77.3322585169633,6.747741483036705
2026-01-08 01:00:00,83.08,74.85264227654599,8.227357723454006
2026-01-08 02:00:00,84.52,71.70358703719798,12.81641296280202
2026-01-08 03:00:00,82.47,71.74188014807532,10.728119851924674
2026-01-08 04:00:00,85.27,76.91560862221965,8.354391377780345
2026-01-08 05:00:00,87.89,86.82861105206021,1.0613889479397898
2026-01-08 06:00:00,97.88,106.76579403403102,8.885794034031022
2026-01-08 07:00:00,126.71,126.20213615590681,0.5078638440931798
2026-01-08 08:00:00,168.81,141.8449573295087,26.9650426704913
2026-01-08 09:00:00,192.72,148.84286877743062,43.877131222569375
2026-01-08 10:00:00,207.93,152.25807355057344,55.671926449426564
2026-01-08 11:00:00,213.11,160.24114008474848,52.868859915251534
2026-01-08 12:00:00,220.27,162.31750884224027,57.95249115775974
2026-01-08 13:00:00,236.22,169.1178460650612,67.1021539349388
2026-01-08 14:00:00,264.59,169.7190819441987,94.87091805580127
2026-01-08 15:00:00,264.42,172.24628781986726,92.17371218013275
2026-01-08 16:00:00,259.49,170.4379609702276,89.0520390297724
2026-01-08 17:00:00,233.85,177.49211851648926,56.35788148351074
2026-01-08 18:00:00,199.4,169.23022009361986,30.169779906380143
2026-01-08 19:00:00,139.25,155.16979655663368,15.919796556633685
2026-01-08 20:00:00,102.13,131.0751401290592,28.94514012905921
2026-01-08 21:00:00,94.48,112.56293777519687,18.082937775196868
2026-01-08 22:00:00,91.31,90.76380145192066,0.5461985480793459
2026-01-08 23:00:00,79.04,66.93449021658017,12.105509783419834
2026-01-09 00:00:00,78.96,53.08961110134074,25.87038889865925
2026-01-09 01:00:00,70.69,39.236857647945065,31.453142352054932
2026-01-09 02:00:00,57.35,29.205860829239846,28.144139170760155
2026-01-09 03:00:00,50.84,24.25782087219686,26.582179127803144
2026-01-09 04:00:00,47.85,25.417267641146125,22.432732358853876
2026-01-09 05:00:00,56.57,27.920466307735317,28.649533692264683
2026-01-09 06:00:00,72.61,38.78593550076054,33.82406449923946
2026-01-09 07:00:00,84.3,60.07370362549129,24.226296374508706
2026-01-09 08:00:00,89.76,82.15824026479493,7.6017597352050785
2026-01-09 09:00:00,89.15,89.02151634176833,0.12848365823167285
2026-01-09 10:00:00,93.93,91.07546826784701,2.854531732152992
2026-01-09 11:00:00,85.8,88.7183983880487,2.9183983880487006
2026-01-09 12:00:00,83.01,89.19175439369607,6.1817543936960675
2026-01-09 13:00:00,82.85,94.07643907222715,11.226439072227151
2026-01-09 14:00:00,82.84,106.30907379104487,23.469073791044863
2026-01-09 15:00:00,85.25,109.15403728856822,23.90403728856822
2026-01-09 16:00:00,87.57,113.38901490992261,25.819014909922615
2026-01-09 17:00:00,92.52,107.99202971865199,15.472029718651996
2026-01-09 18:00:00,91.66,96.36545225628691,4.705452256286918
2026-01-09 19:00:00,87.28,75.29319241846777,11.986807581532233
2026-01-09 20:00:00,82.8,61.951794882192175,20.848205117807822
2026-01-09 21:00:00,80.36,53.70097508968536,26.659024910314642
2026-01-09 22:00:00,80.35,54.70158106090976,25.648418939090234
2026-01-09 23:00:00,74.51,48.42745162297386,26.082548377026143
2026-01-10 00:00:00,72.79,49.168582174339846,23.62141782566016
2026-01-10 01:00:00,69.78,46.11662723663801,23.66337276336199
2026-01-10 02:00:00,66.24,44.50895986617995,21.731040133820045
2026-01-10 03:00:00,66.54,44.38599846621766,22.15400153378235
2026-01-10 04:00:00,66.51,42.829049331431584,23.68095066856842
2026-01-10 05:00:00,68.46,44.85887865716911,23.601121342830886
2026-01-10 06:00:00,69.96,47.60600399317855,22.353996006821447
2026-01-10 07:00:00,76.67,51.455140346606946,25.214859653393056
2026-01-10 08:00:00,85.03,64.95586444162407,20.07413555837593
2026-01-10 09:00:00,92.36,79.49542913724514,12.86457086275486
2026-01-10 10:00:00,97.6,95.60538969894117,1.9946103010588274
2026-01-10 11:00:00,101.56,102.37633670231713,0.8163367023171304
2026-01-10 12:00:00,101.57,108.43874724595099,6.868747245950999
2026-01-10 13:00:00,104.82,110.21770229001285,5.397702290012859
2026-01-10 14:00:00,111.44,117.51912794260252,6.0791279426025255
2026-01-10 15:00:00,117.72,124.11737674080749,6.397376740807488
2026-01-10 16:00:00,128.01,129.98479732753242,1.9747973275324284
2026-01-10 17:00:00,139.53,135.74411356623105,3.785886433768951
2026-01-10 18:00:00,136.91,141.1307692828566,4.220769282856594
2026-01-10 19:00:00,128.31,137.95149449666198,9.641494496661977
2026-01-10 20:00:00,120.49,133.96206396375837,13.472063963758373
2026-01-10 21:00:00,113.21,129.967157369158,16.75715736915801
2026-01-10 22:00:00,107.68,126.62305055253358,18.943050552533578
2026-01-10 23:00:00,98.2,119.24828169279812,21.048281692798113
2026-01-11 00:00:00,96.9,120.36294917216131,23.462949172161302
2026-01-11 01:00:00,92.75,117.07375985563651,24.32375985563651
2026-01-11 02:00:00,88.04,113.28252780347484,25.24252780347483
2026-01-11 03:00:00,84.86,111.83659191455814,26.976591914558142
2026-01-11 04:00:00,82.68,111.0874890044289,28.407489004428896
2026-01-11 05:00:00,82.26,111.49641829186676,29.236418291866755
2026-01-11 06:00:00,81.6,110.43567626944301,28.835676269443013
2026-01-11 07:00:00,84.26,115.66422406287576,31.404224062875755
2026-01-11 08:00:00,92.06,122.26782377576794,30.207823775767935
2026-01-11 09:00:00,103.1,125.2810033311744,22.18100333117441
2026-01-11 10:00:00,100.68,120.0955417109678,19.415541710967787
2026-01-11 11:00:00,99.92,112.80608752090514,12.886087520905136
2026-01-11 12:00:00,97.09,104.42353152877101,7.333531528771005
2026-01-11 13:00:00,96.52,101.49789775586291,4.977897755862912
2026-01-11 14:00:00,98.88,106.97567744143016,8.095677441430169
2026-01-11 15:00:00,101.28,114.1242262752379,12.8442262752379
2026-01-11 16:00:00,111.76,125.86795869629982,14.107958696299818
2026-01-11 17:00:00,116.25,138.07842986753522,21.82842986753522
2026-01-11 18:00:00,112.25,135.24385373499643,22.993853734996435
2026-01-11 19:00:00,106.21,123.68387107699785,17.473871076997852
2026-01-11 20:00:00,96.04,108.80008713208747,12.760087132087463
2026-01-11 21:00:00,95.01,92.88049158658374,2.1295084134162607
2026-01-11 22:00:00,93.02,84.71379380691768,8.306206193082318
2026-01-11 23:00:00,85.23,73.51819322294418,11.711806777055827
2026-01-12 00:00:00,81.26,71.66345123400527,9.59654876599474
2026-01-12 01:00:00,81.19,63.02258443098569,18.16741556901431
2026-01-12 02:00:00,79.04,57.57009103822619,21.469908961773818
2026-01-12 03:00:00,77.31,54.41247235335466,22.897527646645344
2026-01-12 04:00:00,76.59,56.54006489623849,20.049935103761513
2026-01-12 05:00:00,80.16,64.72823497202609,15.43176502797391
2026-01-12 06:00:00,86.92,86.59415562208872,0.32584437791128096
2026-01-12 07:00:00,97.87,110.35326353362481,12.483263533624807
2026-01-12 08:00:00,115.62,124.81978694430185,9.199786944301849
2026-01-12 09:00:00,129.85,124.51486891272653,5.335131087273467
2026-01-12 10:00:00,124.4,124.30130995446788,0.09869004553212335
2026-01-12 11:00:00,129.87,123.4477027124329,6.422297287567105
2026-01-12 12:00:00,129.96,127.04515625538335,2.914843744616661
2026-01-12 13:00:00,132.76,130.06467910351336,2.695320896486635
2026-01-12 14:00:00,128.37,129.55015331296187,1.1801533129618633
2026-01-12 15:00:00,131.71,137.0719930785732,5.361993078573192
2026-01-12 16:00:00,119.58,146.01148074932922,26.431480749329225
2026-01-12 17:00:00,119.6,150.39721609848758,30.79721609848758
2026-01-12 18:00:00,116.5,137.48937990660875,20.989379906608747
2026-01-12 19:00:00,102.34,119.42464615849958,17.08464615849958
2026-01-12 20:00:00,93.48,99.69390631672506,6.213906316725058
2026-01-12 21:00:00,91.8,89.73376471188183,2.0662352881181647
2026-01-12 22:00:00,92.17,83.3316247673649,8.838375232635101
2026-01-12 23:00:00,86.05,74.6696486754775,11.380351324522493
2026-01-13 00:00:00,84.3,71.76129154598925,12.538708454010745
2026-01-13 01:00:00,82.69,70.89720388771863,11.792796112281366
2026-01-13 02:00:00,82.69,69.6585782355544,13.031421764445597
2026-01-13 03:00:00,84.12,71.17538380797936,12.944616192020646
2026-01-13 04:00:00,86.75,75.43819099137171,11.311809008628288
2026-01-13 05:00:00,88.73,87.13450433058577,1.595495669414234
2026-01-13 06:00:00,97.55,107.28175720138529,9.731757201385292
2026-01-13 07:00:00,116.03,128.58942722542662,12.559427225426617
2026-01-13 08:00:00,129.81,141.61636050405707,11.806360504057068
2026-01-13 09:00:00,132.52,147.43590490348336,14.915904903483352
2026-01-13 10:00:00,142.2,142.6064099365482,0.406409936548215
2026-01-13 11:00:00,123.85,134.3475215053252,10.49752150532521
2026-01-13 12:00:00,117.68,125.71246951485521,8.032469514855208
2026-01-13 13:00:00,112.98,125.04964310457737,12.069643104577366
2026-01-13 14:00:00,122.22,126.44322111544491,4.223221115444915
2026-01-13 15:00:00,120.52,129.84828892806408,9.328288928064083
2026-01-13 16:00:00,122.15,129.15755688162955,7.00755688162954
2026-01-13 17:00:00,122.33,129.18208641265528,6.852086412655282
2026-01-13 18:00:00,113.35,123.71053244764391,10.36053244764392
2026-01-13 19:00:00,98.74,112.03073643906103,13.290736439061035
2026-01-13 20:00:00,90.95,93.25115469206517,2.301154692065168
2026-01-13 21:00:00,92.21,80.95969039143066,11.250309608569339
2026-01-13 22:00:00,90.0,72.96557115997349,17.034428840026507
2026-01-13 23:00:00,82.67,62.805132540525456,19.864867459474546
2026-01-14 00:00:00,85.56,60.39316074577108,25.166839254228925
2026-01-14 01:00:00,84.3,58.64588488110342,25.654115118896577
2026-01-14 02:00:00,85.88,60.50950566438624,25.370494335613756
2026-01-14 03:00:00,86.16,61.9531717569793,24.206828243020695
2026-01-14 04:00:00,87.65,63.47409911263116,24.175900887368847
2026-01-14 05:00:00,89.86,67.87752788700126,21.982472112998735
2026-01-14 06:00:00,95.15,79.26628780391444,15.883712196085568
2026-01-14 07:00:00,105.14,94.80039359007995,10.339606409920052
2026-01-14 08:00:00,128.96,109.87373604070137,19.086263959298634
2026-01-14 09:00:00,132.03,109.53897144117217,22.491028558827836
2026-01-14 10:00:00,116.45,108.92496380510349,7.525036194896515
2026-01-14 11:00:00,107.53,105.02114801358664,2.5088519864133616
2026-01-14 12:00:00,103.48,104.39017103065264,0.9101710306526343
2026-01-14 13:00:00,103.6,106.65177221963404,3.0517722196340458
2026-01-14 14:00:00,118.22,119.53913528912267,1.31913528912267
2026-01-14 15:00:00,144.63,134.49572644415238,10.134273555847614
2026-01-14 16:00:00,152.86,148.3416804694234,4.518319530576605
2026-01-14 17:00:00,200.02,162.64330492447718,37.37669507552283
2026-01-14 18:00:00,182.35,167.78364997646068,14.566350023539314
2026-01-14 19:00:00,158.77,160.56900755753432,1.7990075575343099
2026-01-14 20:00:00,134.01,152.02714643005868,18.017146430058688
2026-01-14 21:00:00,121.79,145.85180035802972,24.061800358029714
2026-01-14 22:00:00,113.86,136.092565433014,22.23256543301399
2026-01-14 23:00:00,97.09,123.65315158843862,26.563151588438615
2026-01-15 00:00:00,100.62,113.23200633576805,12.612006335768044
2026-01-15 01:00:00,94.05,104.23521447591418,10.18521447591418
2026-01-15 02:00:00,89.34,96.26255184371345,6.92255184371345
2026-01-15 03:00:00,84.81,90.08437750654295,5.2743775065429475
2026-01-15 04:00:00,82.93,87.76717134744858,4.8371713474485745
2026-01-15 05:00:00,86.0,90.23124314885483,4.23124314885483
2026-01-15 06:00:00,98.2,97.494471394221,0.7055286057790084
2026-01-15 07:00:00,105.12,110.86583223018486,5.74583223018486
2026-01-15 08:00:00,104.98,127.81389382830346,22.83389382830346
2026-01-15 09:00:00,101.41,125.43404762016993,24.024047620169938
2026-01-15 10:00:00,100.4,114.19193845776587,13.791938457765866
2026-01-15 11:00:00,97.86,105.56283173178873,7.702831731788734
2026-01-15 12:00:00,95.28,103.75671661579813,8.476716615798125
2026-01-15 13:00:00,100.62,108.68081213387848,8.060812133878471
2026-01-15 14:00:00,105.65,126.86084595685696,21.210845956856957
2026-01-15 15:00:00,123.1,147.12334126137443,24.02334126137444
2026-01-15 16:00:00,135.37,160.34320461534105,24.973204615341047
2026-01-15 17:00:00,145.5,175.77057135872573,30.270571358725732
2026-01-15 18:00:00,119.75,152.972072503319,33.222072503319
2026-01-15 19:00:00,105.49,123.1442066369099,17.654206636909905
2026-01-15 20:00:00,98.16,94.83562279035003,3.324377209649967
2026-01-15 21:00:00,91.0,76.59340506816385,14.406594931836153
2026-01-15 22:00:00,88.39,66.7422660666322,21.647733933367803
2026-01-15 23:00:00,81.16,53.35929827934507,27.800701720654928
2026-01-16 00:00:00,81.05,49.08588258117493,31.96411741882507
2026-01-16 01:00:00,75.0,42.82467109443163,32.17532890556837
2026-01-16 02:00:00,70.57,40.42917653108536,30.140823468914633
2026-01-16 03:00:00,67.23,38.840161444225885,28.38983855577412
2026-01-16 04:00:00,71.38,42.06835010748243,29.311649892517565
2026-01-16 05:00:00,82.05,53.729788067248386,28.32021193275161
2026-01-16 06:00:00,90.72,72.49985113642254,18.220148863577464
2026-01-16 07:00:00,98.6,88.26203771479666,10.337962285203332
2026-01-16 08:00:00,109.31,95.70542719551813,13.604572804481876
2026-01-16 09:00:00,108.93,93.65101282493856,15.278987175061445
2026-01-16 10:00:00,103.03,88.47458010527589,14.55541989472411
2026-01-16 11:00:00,99.79,87.49350243275117,12.296497567248835
2026-01-16 12:00:00,99.2,92.19307823516985,7.006921764830153
2026-01-16 13:00:00,99.31,104.81442463497905,5.5044246349790455
2026-01-16 14:00:00,113.2,120.34922987747316,7.149229877473161
2026-01-16 15:00:00,141.0,144.94694023198213,3.9469402319821256
2026-01-16 16:00:00,162.68,160.86204674496733,1.817953255032677
2026-01-16 17:00:00,170.33,169.04966837704615,1.2803316229538666
2026-01-16 18:00:00,162.44,157.09135387960362,5.348646120396381
2026-01-16 19:00:00,154.18,149.26484314839774,4.915156851602262
2026-01-16 20:00:00,134.0,145.37728231588352,11.37728231588352
2026-01-16 21:00:00,117.61,137.93932925181417,20.329329251814173
2026-01-16 22:00:00,117.71,131.01835485651847,13.308354856518477
2026-01-16 23:00:00,104.17,122.07938800474193,17.909388004741928
2026-01-17 00:00:00,104.66,116.9901201819173,12.330120181917309
2026-01-17 01:00:00,101.29,109.96371914943573,8.673719149435726
2026-01-17 02:00:00,98.23,104.66985322029545,6.439853220295447
2026-01-17 03:00:00,96.14,101.5151126130466,5.375112613046596
2026-01-17 04:00:00,95.19,102.91125948350866,7.7212594835086605
2026-01-17 05:00:00,95.24,103.53733967495207,8.29733967495207
2026-01-17 06:00:00,95.85,102.0784821600609,6.228482160060906
2026-01-17 07:00:00,99.19,101.70426121253914,2.5142612125391395
2026-01-17 08:00:00,105.97,110.27849953633626,4.308499536336257
2026-01-17 09:00:00,116.66,113.61552700884751,3.044472991152489
2026-01-17 10:00:00,115.1,110.41080691043398,4.689193089566018
2026-01-17 11:00:00,111.61,106.51845057985193,5.09154942014807
2026-01-17 12:00:00,111.95,103.24412312401793,8.70587687598207
2026-01-17 13:00:00,108.64,102.13246899923111,6.507531000768893
2026-01-17 14:00:00,112.82,105.24127328538256,7.5787267146174315
2026-01-17 15:00:00,122.77,116.53603614865727,6.233963851342722
2026-01-17 16:00:00,135.78,128.54282164266277,7.237178357337228
2026-01-17 17:00:00,140.91,134.93329979429427,5.9767002057057255
2026-01-17 18:00:00,142.85,128.44103846226375,14.408961537736246
2026-01-17 19:00:00,138.59,121.71134922359755,16.878650776402452
2026-01-17 20:00:00,120.79,109.94118585912325,10.848814140876755
2026-01-17 21:00:00,107.8,99.66626839070142,8.133731609298579
2026-01-17 22:00:00,109.15,97.81247450524663,11.337525494753379
2026-01-17 23:00:00,107.02,87.26012366565584,19.759876334344156
2026-01-18 00:00:00,110.72,90.02446264285294,20.69553735714706
2026-01-18 01:00:00,109.19,83.78290469421358,25.407095305786413
2026-01-18 02:00:00,107.39,78.27029516527097,29.119704834729035
2026-01-18 03:00:00,102.54,76.01683598513557,26.523164014864435
2026-01-18 04:00:00,102.24,76.29797148632318,25.942028513676817
2026-01-18 05:00:00,102.08,75.90338191000676,26.17661808999324
2026-01-18 06:00:00,101.05,76.25181886964268,24.79818113035732
2026-01-18 07:00:00,100.61,79.60038720001565,21.009612799984353
2026-01-18 08:00:00,105.68,87.40867839650556,18.271321603494442
2026-01-18 09:00:00,107.42,92.36765396143844,15.052346038561566
2026-01-18 10:00:00,101.91,90.82024059135891,11.089759408641086
2026-01-18 11:00:00,98.48,88.37208572258555,10.107914277414451
2026-01-18 12:00:00,96.86,88.72275611984129,8.137243880158707
2026-01-18 13:00:00,96.96,85.45400516418253,11.50599483581746
2026-01-18 14:00:00,100.85,87.74865320354202,13.101346796457975
2026-01-18 15:00:00,105.55,92.8033467097872,12.746653290212791
2026-01-18 16:00:00,114.88,109.4114325964546,5.468567403545393
2026-01-18 17:00:00,129.99,117.52789987350904,12.462100126490967
2026-01-18 18:00:00,142.2,118.7282987737565,23.471701226243482
2026-01-18 19:00:00,136.67,115.07737337204395,21.592626627956037
2026-01-18 20:00:00,123.05,105.28050656996865,17.769493430031346
2026-01-18 21:00:00,110.63,96.48665590188415,14.143344098115847
2026-01-18 22:00:00,114.28,95.61611405590443,18.66388594409557
2026-01-18 23:00:00,103.73,89.51986166016451,14.210138339835495
2026-01-19 00:00:00,101.15,98.35925160475865,2.7907483952413514
2026-01-19 01:00:00,100.44,96.9805025219703,3.4594974780297036
2026-01-19 02:00:00,100.83,96.26996455087915,4.560035449120846
2026-01-19 03:00:00,100.44,95.94454999035344,4.495450009646561
2026-01-19 04:00:00,100.13,100.7258356449774,0.5958356449773987
2026-01-19 05:00:00,102.53,113.10478529684785,10.57478529684785
2026-01-19 06:00:00,126.38,136.8370727205248,10.457072720524792
2026-01-19 07:00:00,161.08,156.9960081190716,4.083991880928409
2026-01-19 08:00:00,175.98,163.98824040499977,11.991759595000218
2026-01-19 09:00:00,161.94,147.14481714888484,14.795182851115158
2026-01-19 10:00:00,135.92,124.65641573015877,11.263584269841218
2026-01-19 11:00:00,120.53,112.7711895967941,7.758810403205899
2026-01-19 12:00:00,117.56,112.83015714691895,4.729842853081053
2026-01-19 13:00:00,125.0,121.0969305501995,3.9030694498004976
2026-01-19 14:00:00,144.35,132.42299312492892,11.927006875071072
2026-01-19 15:00:00,170.04,146.993523997382,23.046476002617993
2026-01-19 16:00:00,194.89,164.28811904089773,30.60188095910226
2026-01-19 17:00:00,208.23,173.24385564907365,34.98614435092634
2026-01-19 18:00:00,200.06,179.81759137516968,20.24240862483032
2026-01-19 19:00:00,180.96,172.3679422394054,8.5920577605946
2026-01-19 20:00:00,157.39,159.37324169619626,1.9832416961962736
2026-01-19 21:00:00,135.17,149.44787400011444,14.277874000114451
2026-01-19 22:00:00,126.4,144.21742827324454,17.81742827324453
2026-01-19 23:00:00,112.47,133.5961773436158,21.126177343615808
2026-01-20 00:00:00,115.06,128.93518925013856,13.875189250138561
2026-01-20 01:00:00,114.34,125.98497528279199,11.64497528279199
2026-01-20 02:00:00,110.36,127.52025446857593,17.16025446857593
2026-01-20 03:00:00,109.87,128.91111137717976,19.04111137717976
2026-01-20 04:00:00,113.17,129.91340676932907,16.74340676932907
2026-01-20 05:00:00,125.28,134.26067045786021,8.980670457860214
2026-01-20 06:00:00,190.11,155.78891777962716,34.32108222037286
2026-01-20 07:00:00,240.88,192.13332140394013,48.746678596059866
2026-01-20 08:00:00,262.78,199.84487397082023,62.93512602917974
2026-01-20 09:00:00,179.54,172.90323146884703,6.636768531152967
2026-01-20 10:00:00,132.17,145.20702125871568,13.037021258715697
2026-01-20 11:00:00,107.95,126.34906855941973,18.39906855941973
2026-01-20 12:00:00,103.62,120.92353164273119,17.303531642731187
2026-01-20 13:00:00,105.76,126.19697628520574,20.43697628520573
2026-01-20 14:00:00,136.72,144.8381437520723,8.118143752072314
2026-01-20 15:00:00,178.26,173.52844292297848,4.731557077021506
2026-01-20 16:00:00,276.74,200.69504958502688,76.04495041497313
2026-01-20 17:00:00,249.63,208.36256945533418,41.267430544665814
2026-01-20 18:00:00,193.93,196.56914872286842,2.6391487228684127
2026-01-20 19:00:00,181.92,182.68677158342518,0.7667715834251965
2026-01-20 20:00:00,155.1,164.88028516425481,9.78028516425482
2026-01-20 21:00:00,139.89,150.06939544804612,10.179395448046137
2026-01-20 22:00:00,117.19,140.34291425873326,23.15291425873326
2026-01-20 23:00:00,107.84,128.09607902620854,20.25607902620854
2026-01-21 00:00:00,101.49,125.34866990413772,23.858669904137727
2026-01-21 01:00:00,101.72,122.99818382637031,21.27818382637031
2026-01-21 02:00:00,98.76,118.71214069830293,19.952140698302927
2026-01-21 03:00:00,100.91,117.40422818468025,16.494228184680253
2026-01-21 04:00:00,98.85,118.00774413022029,19.157744130220294
2026-01-21 05:00:00,98.69,124.15507396031641,25.465073960316417
2026-01-21 06:00:00,107.87,158.75823418160672,50.88823418160672
2026-01-21 07:00:00,160.0,188.3565645912544,28.356564591254397
2026-01-21 08:00:00,176.4,200.34466267558133,23.944662675581327
2026-01-21 09:00:00,142.89,155.11805964482028,12.228059644820291
2026-01-21 10:00:00,118.3,119.0285217274967,0.7285217274966982
2026-01-21 11:00:00,100.99,101.73949392200032,0.749493922000326
2026-01-21 12:00:00,99.13,96.36286207638972,2.767137923610278
2026-01-21 13:00:00,103.48,98.59145310344938,4.888546896550622
2026-01-21 14:00:00,108.62,117.16296360895973,8.542963608959724
2026-01-21 15:00:00,126.93,146.66858758910658,19.738587589106572
2026-01-21 16:00:00,145.04,197.8313835630845,52.79138356308451
2026-01-21 17:00:00,139.11,199.56882090470035,60.45882090470033
2026-01-21 18:00:00,138.91,175.5625792780218,36.65257927802179
2026-01-21 19:00:00,127.83,158.32459852447363,30.49459852447363
2026-01-21 20:00:00,105.45,137.28289688144463,31.832896881444626
2026-01-21 21:00:00,102.44,122.20765299510393,19.76765299510393
2026-01-21 22:00:00,104.76,107.82107420907867,3.0610742090786687
2026-01-21 23:00:00,99.38,94.60350188060838,4.7764981193916185
2026-01-22 00:00:00,92.8,90.51308228068397,2.2869177193160226
2026-01-22 01:00:00,92.53,88.10819501378137,4.421804986218632
2026-01-22 02:00:00,91.45,86.41082583879408,5.039174161205921
2026-01-22 03:00:00,91.82,87.01460423222458,4.8053957677754084
2026-01-22 04:00:00,92.85,89.02908096551158,3.820919034488412
2026-01-22 05:00:00,93.19,95.98098849204047,2.7909884920404693
2026-01-22 06:00:00,100.68,113.30350992720084,12.623509927200828
2026-01-22 07:00:00,125.52,144.85380656329173,19.33380656329173
2026-01-22 08:00:00,137.12,156.59736776687615,19.477367766876142
2026-01-22 09:00:00,114.42,134.37862664949685,19.95862664949685
2026-01-22 10:00:00,95.26,113.2207260531804,17.960726053180395
2026-01-22 11:00:00,89.08,96.59957855461339,7.519578554613389
2026-01-22 12:00:00,83.86,90.31013470954778,6.450134709547783
2026-01-22 13:00:00,88.07,96.72231207203905,8.652312072039052
2026-01-22 14:00:00,94.91,107.02903674238406,12.119036742384068
2026-01-22 15:00:00,107.78,125.52902478240975,17.749024782409748
2026-01-22 16:00:00,130.9,147.46737182447748,16.567371824477476
2026-01-22 17:00:00,136.37,154.37482412186372,18.00482412186372
2026-01-22 18:00:00,129.67,147.06338695058267,17.39338695058268
2026-01-22 19:00:00,121.57,137.3065454736502,15.73654547365021
2026-01-22 20:00:00,109.35,121.81319468079448,12.463194680794487
2026-01-22 21:00:00,106.95,115.98772760079427,9.03772760079427
2026-01-22 22:00:00,103.32,112.10241787288459,8.782417872884594
2026-01-22 23:00:00,97.31,105.82785742672534,8.517857426725342
2026-01-23 00:00:00,97.89,96.96345298628638,0.9265470137136163
2026-01-23 01:00:00,97.25,92.4698310933242,4.780168906675797
2026-01-23 02:00:00,95.95,88.95778809418421,6.992211905815793
2026-01-23 03:00:00,95.0,87.02652595129027,7.973474048709733
2026-01-23 04:00:00,95.62,88.11931016140201,7.500689838597992
2026-01-23 05:00:00,97.0,91.24738727051664,5.75261272948336
2026-01-23 06:00:00,108.2,102.40342985645954,5.796570143540464
2026-01-23 07:00:00,133.0,122.84614186197447,10.153858138025527
2026-01-23 08:00:00,152.94,131.43430184029606,21.50569815970394
2026-01-23 09:00:00,142.49,119.95281558578543,22.53718441421458
2026-01-23 10:00:00,115.38,105.10017861630438,10.27982138369562
2026-01-23 11:00:00,100.13,91.1737870076784,8.956212992321596
2026-01-23 12:00:00,96.21,83.80939343398418,12.40060656601581
2026-01-23 13:00:00,95.76,84.54972840540924,11.210271594590765
2026-01-23 14:00:00,97.08,88.23590351561309,8.84409648438691
2026-01-23 15:00:00,108.77,101.81062801842326,6.959371981576737
2026-01-23 16:00:00,124.05,120.10668983153045,3.9433101684695515
2026-01-23 17:00:00,136.08,122.93715584442327,13.14284415557674
2026-01-23 18:00:00,128.48,117.2370398129295,11.242960187070494
2026-01-23 19:00:00,116.8,113.41187266066304,3.388127339336961
2026-01-23 20:00:00,107.22,99.07765373460055,8.142346265399453
2026-01-23 21:00:00,103.96,89.3585197462057,14.601480253794293
2026-01-23 22:00:00,104.79,86.8324998504632,17.957500149536813
2026-01-23 23:00:00,97.0,80.64357692791215,16.35642307208785
2026-01-24 00:00:00,99.8,77.74767024057809,22.05232975942191
2026-01-24 01:00:00,99.04,75.2036986400233,23.8363013599767
2026-01-24 02:00:00,98.32,73.27164317334486,25.048356826655137
2026-01-24 03:00:00,97.83,74.60358062032164,23.22641937967836
2026-01-24 04:00:00,97.55,74.31877795961032,23.23122204038968
2026-01-24 05:00:00,98.91,72.7310405375178,26.178959462482197
2026-01-24 06:00:00,100.4,70.25178818075847,30.14821181924154
2026-01-24 07:00:00,104.06,77.94006593681893,26.119934063181077
2026-01-24 08:00:00,111.0,98.07807755267277,12.921922447327233
2026-01-24 09:00:00,123.09,107.09296731922429,15.997032680775717
2026-01-24 10:00:00,119.24,103.83355228064141,15.406447719358582
2026-01-24 11:00:00,110.3,99.03612800790003,11.263871992099965
2026-01-24 12:00:00,106.22,95.96852698120318,10.251473018796815
2026-01-24 13:00:00,101.87,93.95299102929637,7.917008970703634
2026-01-24 14:00:00,105.12,96.29258017084503,8.827419829154977
2026-01-24 15:00:00,118.23,106.1539071869401,12.076092813059901
2026-01-24 16:00:00,131.91,122.23023567633678,9.679764323663221
2026-01-24 17:00:00,146.72,134.12849508098768,12.591504919012323
2026-01-24 18:00:00,141.75,131.42953711470432,10.320462885295683
2026-01-24 19:00:00,131.93,122.51132327738755,9.41867672261246
2026-01-24 20:00:00,118.67,111.0827085821907,7.587291417809297
2026-01-24 21:00:00,110.54,104.91817537343493,5.621824626565072
2026-01-24 22:00:00,110.31,102.65893047069018,7.651069529309822
2026-01-24 23:00:00,104.15,96.95114823766671,7.198851762333291
2026-01-25 00:00:00,101.44,97.21782488079715,4.222175119202845
2026-01-25 01:00:00,101.76,95.42817065776948,6.33182934223052
2026-01-25 02:00:00,101.32,92.54954874702781,8.77045125297218
2026-01-25 03:00:00,101.77,90.90576906332531,10.864230936674687
2026-01-25 04:00:00,100.86,90.72261403277291,10.13738596722709
2026-01-25 05:00:00,100.51,90.29003054550476,10.219969454495242
2026-01-25 06:00:00,99.97,88.78045220409354,11.189547795906464
2026-01-25 07:00:00,102.06,88.27761259091378,13.782387409086226
2026-01-25 08:00:00,103.76,95.2601704103358,8.499829589664202
2026-01-25 09:00:00,108.89,107.1328015935407,1.7571984064592954
2026-01-25 10:00:00,113.19,110.06024239441369,3.129757605586306
2026-01-25 11:00:00,116.02,112.36703146422573,3.6529685357742636
2026-01-25 12:00:00,120.03,112.00757060326718,8.022429396732818
2026-01-25 13:00:00,116.11,108.47877288558561,7.631227114414386
2026-01-25 14:00:00,114.32,108.60492463713047,5.715075362869527
2026-01-25 15:00:00,111.75,110.92723503923219,0.8227649607678131
2026-01-25 16:00:00,116.9,116.1018152228954,0.7981847771046091
2026-01-25 17:00:00,131.21,129.9239340961764,1.2860659038236122
2026-01-25 18:00:00,137.38,130.13879869979868,7.241201300201311
2026-01-25 19:00:00,132.58,125.87717426130612,6.702825738693889
2026-01-25 20:00:00,124.02,117.40917425321142,6.610825746788578
2026-01-25 21:00:00,114.02,109.42472983477666,4.59527016522334
2026-01-25 22:00:00,111.94,107.96798444242349,3.972015557576512
2026-01-25 23:00:00,104.49,98.9896976643463,5.5003023356537
2026-01-26 00:00:00,103.93,97.5756973185282,6.3543026814718075
2026-01-26 01:00:00,101.11,92.47813913000886,8.631860869991144
2026-01-26 02:00:00,98.73,88.98277782160419,9.747222178395816
2026-01-26 03:00:00,95.85,87.65732828598647,8.192671714013528
2026-01-26 04:00:00,95.03,87.90475639297344,7.125243607026562
2026-01-26 05:00:00,97.19,98.26207772290883,1.0720777229088299
2026-01-26 06:00:00,114.28,124.9185889818732,10.638588981873198
2026-01-26 07:00:00,153.2,152.1666623440762,1.0333376559237877
2026-01-26 08:00:00,175.13,160.75261004936107,14.377389950638928
2026-01-26 09:00:00,177.97,159.01229102256832,18.95770897743168
2026-01-26 10:00:00,178.01,158.48807926561526,19.521920734384736
2026-01-26 11:00:00,170.34,153.98643281132098,16.353567188679023
2026-01-26 12:00:00,156.03,155.01278753437734,1.0172124656226629
2026-01-26 13:00:00,149.39,153.43934451758957,4.049344517589589
2026-01-26 14:00:00,147.78,152.9795949474185,5.19959494741849
2026-01-26 15:00:00,159.97,153.52735857726213,6.442641422737864
2026-01-26 16:00:00,166.33,161.18054695715094,5.149453042849075
2026-01-26 17:00:00,178.7,177.55715397409523,1.1428460259047597
2026-01-26 18:00:00,178.02,179.11531172481358,1.0953117248135698
2026-01-26 19:00:00,169.97,169.31140874349478,0.6585912565052183
2026-01-26 20:00:00,154.17,153.1280405813103,1.041959418689686
2026-01-26 21:00:00,137.11,135.15328356129083,1.9567164387091793
2026-01-26 22:00:00,121.5,122.75908485354006,1.2590848535400596
2026-01-26 23:00:00,111.68,112.01961814638996,0.33961814638995236
2026-01-27 00:00:00,118.77,119.33453213113317,0.564532131133177
2026-01-27 01:00:00,113.7,118.1883703590666,4.488370359066593
2026-01-27 02:00:00,112.16,117.10401383601585,4.944013836015856
2026-01-27 03:00:00,111.49,118.89050810095506,7.400508100955065
2026-01-27 04:00:00,110.55,120.51486871194558,9.964868711945584
2026-01-27 05:00:00,111.65,125.70761812270754,14.057618122707538
2026-01-27 06:00:00,133.61,157.8815905574735,24.271590557473473
2026-01-27 07:00:00,159.88,192.1632538043843,32.283253804384316
2026-01-27 08:00:00,176.64,204.54079816382938,27.900798163829393
2026-01-27 09:00:00,171.2,178.36828793892994,7.16828793892995
2026-01-27 10:00:00,148.46,158.97254045285598,10.512540452855973
2026-01-27 11:00:00,133.29,142.4557920541156,9.165792054115599
2026-01-27 12:00:00,123.03,130.00343106887956,6.973431068879563
2026-01-27 13:00:00,112.49,122.85552462752064,10.365524627520642
2026-01-27 14:00:00,131.08,124.13211654953636,6.9478834504636495
2026-01-27 15:00:00,127.45,133.3564014412276,5.906401441227601
2026-01-27 16:00:00,132.98,152.15992709717753,19.17992709717754
2026-01-27 17:00:00,152.62,155.65773125731783,3.03773125731783
2026-01-27 18:00:00,141.14,147.86627819643192,6.7262781964319345
2026-01-27 19:00:00,138.88,140.11835848436243,1.2383584843624362
2026-01-27 20:00:00,121.59,124.18903017302972,2.5990301730297176
2026-01-27 21:00:00,119.37,113.974562708745,5.395437291255007
2026-01-27 22:00:00,120.7,99.33901984415536,21.360980155844643
2026-01-27 23:00:00,111.85,90.13458360695454,21.71541639304546
2026-01-28 00:00:00,105.48,89.87213880750434,15.607861192495662
2026-01-28 01:00:00,104.47,84.0801888135176,20.389811186482405
2026-01-28 02:00:00,104.47,80.32374254800396,24.146257451996036
2026-01-28 03:00:00,102.24,80.746981764514,21.49301823548599
2026-01-28 04:00:00,104.71,83.83087810286936,20.87912189713063
2026-01-28 05:00:00,106.6,87.97154775413085,18.62845224586914
2026-01-28 06:00:00,113.7,105.18653360158486,8.513466398415147
2026-01-28 07:00:00,143.6,136.73846897902226,6.861531020977736
2026-01-28 08:00:00,171.0,150.62139717988902,20.378602820110984
2026-01-28 09:00:00,173.65,147.6608692445459,25.989130755454113
2026-01-28 10:00:00,172.33,138.19536865395645,34.13463134604356
2026-01-28 11:00:00,166.24,131.9470690996157,34.292930900384306
2026-01-28 12:00:00,157.09,129.25984698995612,27.830153010043887
2026-01-28 13:00:00,147.91,128.72504810166757,19.18495189833243
2026-01-28 14:00:00,145.04,139.90747887440983,5.132521125590159
2026-01-28 15:00:00,141.14,137.21022073331736,3.9297792666826297
2026-01-28 16:00:00,147.13,141.53096904141555,5.59903095858445
2026-01-28 17:00:00,164.22,146.68682825862112,17.53317174137888
2026-01-28 18:00:00,170.43,139.01625305879048,31.413746941209524
2026-01-28 19:00:00,161.23,131.70379191797062,29.52620808202937
2026-01-28 20:00:00,134.27,116.27722161952713,17.992778380472885
2026-01-28 21:00:00,119.01,107.72403555089636,11.285964449103645
2026-01-28 22:00:00,117.0,103.02538173679216,13.974618263207844
2026-01-28 23:00:00,110.96,95.11725008872268,15.84274991127731
2026-01-29 00:00:00,104.55,88.93366962709995,15.616330372900052
2026-01-29 01:00:00,104.0,87.61533172986195,16.38466827013805
2026-01-29 02:00:00,101.88,90.08244589411868,11.797554105881318
2026-01-29 03:00:00,100.02,91.15948709338275,8.860512906617245
2026-01-29 04:00:00,100.93,93.95681165780675,6.973188342193254
2026-01-29 05:00:00,104.64,97.89765356898695,6.742346431013047
2026-01-29 06:00:00,116.12,109.48923514816887,6.630764851831131
2026-01-29 07:00:00,149.6,136.4413635239855,13.158636476014493
2026-01-29 08:00:00,165.68,163.26028747532143,2.419712524678573
2026-01-29 09:00:00,168.04,168.39590017167978,0.35590017167979227
2026-01-29 10:00:00,160.68,165.78452525045722,5.104525250457215
2026-01-29 11:00:00,152.79,162.01660062828574,9.226600628285752
2026-01-29 12:00:00,143.04,150.02000477172228,6.980004771722292
2026-01-29 13:00:00,142.82,146.38918601250407,3.569186012504076
2026-01-29 14:00:00,142.99,146.19944254428697,3.209442544286958
2026-01-29 15:00:00,147.61,147.59920427559044,0.010795724409575769
2026-01-29 16:00:00,153.1,157.6848943649635,4.584894364963503
2026-01-29 17:00:00,159.48,171.5564153590912,12.076415359091214
2026-01-29 18:00:00,157.24,173.71278063734667,16.47278063734666
2026-01-29 19:00:00,150.04,167.2086482631937,17.168648263193717
2026-01-29 20:00:00,126.56,140.96796486817007,14.407964868170069
2026-01-29 21:00:00,113.57,134.56089886188295,20.990898861882954
2026-01-29 22:00:00,109.32,123.51521330293687,14.195213302936878
2026-01-29 23:00:00,102.98,111.90542408268372,8.925424082683719
2026-01-30 00:00:00,111.07,105.22069771785253,5.8493022821474625
2026-01-30 01:00:00,103.31,99.22038233423295,4.089617665767051
2026-01-30 02:00:00,100.85,94.66606712051436,6.1839328794856385
2026-01-30 03:00:00,97.39,92.49553075283913,4.89446924716087
2026-01-30 04:00:00,97.3,94.13399348235016,3.1660065176498335
2026-01-30 05:00:00,96.28,99.19834693390598,2.9183469339059798
2026-01-30 06:00:00,111.13,114.38359154842678,3.253591548426783
2026-01-30 07:00:00,131.78,139.09508197570796,7.315081975707955
2026-01-30 08:00:00,143.76,145.73858296632983,1.9785829663298387
2026-01-30 09:00:00,147.04,142.87219413631982,4.167805863680172
2026-01-30 10:00:00,132.63,138.44860412100252,5.818604121002522
2026-01-30 11:00:00,126.1,128.7029091451917,2.602909145191717
2026-01-30 12:00:00,118.21,119.59399793075352,1.383997930753523
2026-01-30 13:00:00,110.39,112.69752563058884,2.3075256305888416
2026-01-30 14:00:00,110.32,106.01566204917602,4.304337950823978
2026-01-30 15:00:00,111.2,113.56447520554511,2.364475205545105
2026-01-30 16:00:00,114.94,121.18711015277117,6.247110152771171
2026-01-30 17:00:00,124.81,123.93069559623572,0.8793044037642801
2026-01-30 18:00:00,122.89,117.50282340100861,5.387176598991388
2026-01-30 19:00:00,113.09,107.7935312340108,5.296468765989204
2026-01-30 20:00:00,108.6,92.47693460804894,16.12306539195106
2026-01-30 21:00:00,101.68,77.55354212655475,24.12645787344526
2026-01-30 22:00:00,101.09,73.82449245052229,27.265507549477718
2026-01-30 23:00:00,92.7,67.45421495342555,25.245785046574454
2026-01-31 00:00:00,96.95,74.84420260759143,22.105797392408576
2026-01-31 01:00:00,97.38,70.13043735120428,27.249562648795717
2026-01-31 02:00:00,94.51,66.19661622975278,28.313383770247228
2026-01-31 03:00:00,94.08,61.896930179777016,32.18306982022298
2026-01-31 04:00:00,93.32,59.425753864081436,33.89424613591856
2026-01-31 05:00:00,94.06,57.210594304919745,36.84940569508026
2026-01-31 06:00:00,93.45,55.68991057491918,37.76008942508082
2026-01-31 07:00:00,92.9,61.03920835763181,31.8607916423682
2026-01-31 08:00:00,103.96,73.15289264810872,30.807107351891275
2026-01-31 09:00:00,109.06,85.02029617609496,24.039703823905043
2026-01-31 10:00:00,114.22,81.81872333988169,32.40127666011831
2026-01-31 11:00:00,113.47,80.89094102418697,32.57905897581303
2026-01-31 12:00:00,111.28,81.08127312451714,30.198726875482862
2026-01-31 13:00:00,107.39,76.40058150326078,30.98941849673922
2026-01-31 14:00:00,110.3,77.7657426297329,32.5342573702671
2026-01-31 15:00:00,113.17,86.650154912332,26.519845087668003
2026-01-31 16:00:00,119.36,99.91098026795328,19.44901973204672
2026-01-31 17:00:00,134.61,112.345222441704,22.264777558296018
2026-01-31 18:00:00,138.04,111.13837761706543,26.901622382934562
2026-01-31 19:00:00,133.95,107.71322961706795,26.236770382932036
2026-01-31 20:00:00,125.65,100.88497616497163,24.765023835028373
2026-01-31 21:00:00,114.21,93.09786632119187,21.11213367880812
2026-01-31 22:00:00,114.15,95.23956453742095,18.91043546257906
2026-01-31 23:00:00,105.9,87.54621380753748,18.353786192462522
2026-02-01 00:00:00,96.09,86.47747460666548,9.612525393334522
2026-02-01 01:00:00,94.01,85.01614278496027,8.99385721503974
2026-02-01 02:00:00,98.4,84.04932086638028,14.350679133619721
2026-02-01 03:00:00,96.06,83.30293341174219,12.757066588257814
2026-02-01 04:00:00,98.31,82.17351062888311,16.136489371116895
2026-02-01 05:00:00,98.22,82.56503279103242,15.654967208967577
2026-02-01 06:00:00,96.02,82.38153898523251,13.638461014767486
2026-02-01 07:00:00,99.5,81.46028599966682,18.039714000333177
2026-02-01 08:00:00,105.26,90.4123555260619,14.847644473938104
2026-02-01 09:00:00,109.23,93.85128425603726,15.378715743962744
2026-02-01 10:00:00,109.85,95.19020353578989,14.659796464210103
2026-02-01 11:00:00,108.16,95.83165943672248,12.328340563277521
2026-02-01 12:00:00,107.13,93.58065688972279,13.549343110277206
2026-02-01 13:00:00,100.39,89.92298435926654,10.467015640733464
2026-02-01 14:00:00,102.24,91.07181603413713,11.168183965862866
2026-02-01 15:00:00,108.96,93.64755516599367,15.312444834006328
2026-02-01 16:00:00,114.67,100.09401094503873,14.57598905496127
2026-02-01 17:00:00,129.49,113.709888313463,15.780111686537012
2026-02-01 18:00:00,136.84,117.26616369623704,19.57383630376296
2026-02-01 19:00:00,137.39,115.15550170363899,22.234498296360997
2026-02-01 20:00:00,125.59,110.25407298060969,15.335927019390311
2026-02-01 21:00:00,113.86,96.31400473723,17.545995262770006
2026-02-01 22:00:00,113.89,89.13015008595403,24.759849914045972
2026-02-01 23:00:00,106.55,79.1569836874086,27.3930163125914
2026-02-02 00:00:00,99.59,69.29113932042014,30.29886067957986
2026-02-02 01:00:00,97.99,65.17008295442334,32.81991704557666
2026-02-02 02:00:00,95.09,64.30855484957314,30.781445150426862
2026-02-02 03:00:00,91.0,63.513144686399755,27.486855313600245
2026-02-02 04:00:00,91.73,66.20431099365072,25.525689006349282
2026-02-02 05:00:00,94.72,75.73153796714158,18.988462032858422
2026-02-02 06:00:00,106.57,98.74295275334143,7.827047246658566
2026-02-02 07:00:00,122.89,126.04821115351506,3.1582111535150545
2026-02-02 08:00:00,136.87,134.34602710226957,2.523972897730431
2026-02-02 09:00:00,140.16,124.91090186767448,15.249098132325514
2026-02-02 10:00:00,124.54,116.6253102046382,7.914689795361809
2026-02-02 11:00:00,114.67,104.69410342422658,9.975896575773419
2026-02-02 12:00:00,109.21,96.53850089950544,12.671499100494557
2026-02-02 13:00:00,104.0,92.88238044022458,11.11761955977542
2026-02-02 14:00:00,102.9,95.66975435132919,7.230245648670817
2026-02-02 15:00:00,105.08,105.67946068222092,0.5994606822209221
2026-02-02 16:00:00,109.78,115.54545449653105,5.765454496531049
2026-02-02 17:00:00,118.2,124.20094448350451,6.000944483504512
2026-02-02 18:00:00,118.97,125.47732287752298,6.507322877522981
2026-02-02 19:00:00,105.0,119.64636773176079,14.64636773176079
2026-02-02 20:00:00,102.26,100.84024660888434,1.4197533911156626
2026-02-02 21:00:00,102.02,89.42241725013034,12.597582749869659
2026-02-02 22:00:00,101.23,82.71222295501038,18.51777704498963
2026-02-02 23:00:00,91.38,72.50902908127517,18.870970918724822
2026-02-03 00:00:00,91.72,71.03757625147529,20.682423748524712
2026-02-03 01:00:00,89.37,65.99312506254762,23.376874937452385
2026-02-03 02:00:00,84.01,61.40553010876248,22.604469891237528
2026-02-03 03:00:00,79.94,58.70759416071122,21.23240583928878
2026-02-03 04:00:00,76.84,58.44955617835051,18.39044382164949
2026-02-03 05:00:00,82.16,61.312881662647875,20.84711833735212
2026-02-03 06:00:00,91.16,74.89805919636997,16.261940803630026
2026-02-03 07:00:00,97.69,94.04415588684192,3.645844113158077
2026-02-03 08:00:00,106.27,104.90135343180862,1.3686465681913802
2026-02-03 09:00:00,108.23,104.1696657672567,4.060334232743301
2026-02-03 10:00:00,99.94,87.33411814685051,12.605881853149484
2026-02-03 11:00:00,90.83,83.72920226555264,7.1007977344473545
2026-02-03 12:00:00,87.95,82.95632191922968,4.993678080770323
2026-02-03 13:00:00,89.91,78.0339263183576,11.876073681642396
2026-02-03 14:00:00,93.15,85.46265160502895,7.687348394971053
2026-02-03 15:00:00,100.41,90.38894664084111,10.021053359158884
2026-02-03 16:00:00,106.62,101.16687291442982,5.453127085570188
2026-02-03 17:00:00,125.77,117.11200981051732,8.657990189482675
2026-02-03 18:00:00,126.35,115.9994530990377,10.3505469009623
2026-02-03 19:00:00,123.23,107.91435890561249,15.315641094387516
2026-02-03 20:00:00,112.9,100.39759568555834,12.502404314441662
2026-02-03 21:00:00,103.29,95.4740796927237,7.815920307276301
2026-02-03 22:00:00,100.9,93.45551468096197,7.444485319038037
2026-02-03 23:00:00,94.81,85.00166178444532,9.808338215554684
2026-02-04 00:00:00,95.0,85.59900022521418,9.400999774785816
2026-02-04 01:00:00,92.79,88.16277068599206,4.627229314007948
2026-02-04 02:00:00,92.96,91.15791636332906,1.802083636670929
2026-02-04 03:00:00,94.62,90.72071685220844,3.8992831477915644
2026-02-04 04:00:00,93.96,94.65471685455678,0.6947168545567877
2026-02-04 05:00:00,96.59,102.93378076195302,6.343780761953013
2026-02-04 06:00:00,105.29,120.73882820260289,15.448828202602883
2026-02-04 07:00:00,122.94,137.51816992815628,14.578169928156285
2026-02-04 08:00:00,131.61,148.05654818728937,16.446548187289352
2026-02-04 09:00:00,122.67,142.36542836608987,19.69542836608987
2026-02-04 10:00:00,110.0,131.9732274901283,21.973227490128295
2026-02-04 11:00:00,98.71,120.48061704738919,21.770617047389194
2026-02-04 12:00:00,91.91,113.47614126512931,21.566141265129318
2026-02-04 13:00:00,91.38,113.66932515057161,22.289325150571614
2026-02-04 14:00:00,96.08,120.04587557043773,23.96587557043773
2026-02-04 15:00:00,102.88,128.52474863945292,25.644748639452928
2026-02-04 16:00:00,114.18,132.41763378653937,18.237633786539362
2026-02-04 17:00:00,124.62,142.08970977193522,17.469709771935214
2026-02-04 18:00:00,117.04,141.0812611398291,24.041261139829103
2026-02-04 19:00:00,104.52,132.77466918413762,28.254669184137626
2026-02-04 20:00:00,96.29,115.850911665617,19.560911665617
2026-02-04 21:00:00,94.75,101.17263978136695,6.422639781366954
2026-02-04 22:00:00,93.82,93.25444709877094,0.5655529012290543
2026-02-04 23:00:00,86.31,87.57874797403863,1.2687479740386323
2026-02-05 00:00:00,90.3,83.2921952290537,7.007804770946294
2026-02-05 01:00:00,88.44,80.7345898999319,7.705410100068093
2026-02-05 02:00:00,87.43,79.02666909702498,8.403330902975028
2026-02-05 03:00:00,87.8,82.80401305508505,4.9959869449149465
2026-02-05 04:00:00,89.57,85.8302788978173,3.739721102182699
2026-02-05 05:00:00,91.51,94.21686162578264,2.7068616257826363
2026-02-05 06:00:00,102.85,110.06059790206488,7.21059790206489
2026-02-05 07:00:00,113.32,135.02638805320524,21.706388053205245
2026-02-05 08:00:00,125.37,144.61428711318257,19.244287113182565
2026-02-05 09:00:00,121.52,143.33813321126615,21.818133211266158
2026-02-05 10:00:00,118.19,137.58521008785561,19.395210087855617
2026-02-05 11:00:00,121.07,122.73940923765932,1.6694092376593233
2026-02-05 12:00:00,108.25,113.78472651041947,5.534726510419475
2026-02-05 13:00:00,109.76,110.71094947996185,0.9509494799618494
2026-02-05 14:00:00,110.1,110.02103692398208,0.07896307601791364
2026-02-05 15:00:00,116.98,121.19658020423458,4.216580204234575
2026-02-05 16:00:00,126.0,141.15922468545142,15.15922468545142
2026-02-05 17:00:00,140.5,156.00273185327936,15.502731853279357
2026-02-05 18:00:00,136.64,152.64573483533707,16.00573483533708
2026-02-05 19:00:00,132.91,142.99723131117386,10.087231311173866
2026-02-05 20:00:00,120.81,130.98464899416547,10.174648994165466
2026-02-05 21:00:00,107.78,121.44179135735561,13.661791357355611
2026-02-05 22:00:00,105.88,115.76111556634115,9.881115566341151
2026-02-05 23:00:00,100.04,108.0182815527805,7.978281552780487
2026-02-06 00:00:00,99.31,108.50676540776223,9.196765407762229
2026-02-06 01:00:00,99.13,103.54793073800381,4.417930738003818
2026-02-06 02:00:00,98.09,101.98085258855734,3.890852588557337
2026-02-06 03:00:00,98.23,102.60161135027055,4.371611350270541
2026-02-06 04:00:00,98.74,106.27236573715119,7.532365737151196
2026-02-06 05:00:00,102.33,111.36458928496292,9.03458928496292
2026-02-06 06:00:00,115.42,130.12695975464675,14.706959754646746
2026-02-06 07:00:00,139.46,145.3017067696812,5.8417067696811955
2026-02-06 08:00:00,144.74,148.98775800871667,4.247758008716659
2026-02-06 09:00:00,144.2,146.43423927021774,2.2342392702177563
2026-02-06 10:00:00,142.09,143.08828861409722,0.9982886140972198
2026-02-06 11:00:00,138.91,146.60022425934227,7.690224259342273
2026-02-06 12:00:00,136.21,140.61107293847232,4.401072938472311
2026-02-06 13:00:00,135.89,138.88220318880008,2.99220318880009
2026-02-06 14:00:00,135.67,136.73050027079182,1.0605002707918345
2026-02-06 15:00:00,139.47,140.73313041731296,1.263130417312965
2026-02-06 16:00:00,133.96,145.84909849594766,11.88909849594765
2026-02-06 17:00:00,137.19,153.18660799350585,15.996607993505847
2026-02-06 18:00:00,132.19,150.43485097817756,18.244850978177567
2026-02-06 19:00:00,125.63,141.7113457745105,16.08134577451051
2026-02-06 20:00:00,110.98,127.54923767110552,16.569237671105512
2026-02-06 21:00:00,108.85,119.55021513828675,10.700215138286751
2026-02-06 22:00:00,106.26,114.69241149441888,8.432411494418872
2026-02-06 23:00:00,102.24,107.73452516148879,5.494525161488795
2026-02-07 00:00:00,101.49,105.47964462377709,3.989644623777096
2026-02-07 01:00:00,100.0,101.69084169368779,1.690841693687787
2026-02-07 02:00:00,98.04,96.65738112149592,1.3826188785040898
2026-02-07 03:00:00,96.89,96.2790244729155,0.6109755270845056
2026-02-07 04:00:00,96.4,96.71066992030816,0.31066992030815754
2026-02-07 05:00:00,96.73,96.81350278997698,0.08350278997697558
2026-02-07 06:00:00,97.1,97.23497704478555,0.1349770447855576
2026-02-07 07:00:00,105.55,102.64803593511195,2.9019640648880483
2026-02-07 08:00:00,114.08,113.18928589976574,0.8907141002342627
2026-02-07 09:00:00,117.98,120.10221022532258,2.1222102253225756
2026-02-07 10:00:00,110.06,116.52495423750258,6.464954237502582
2026-02-07 11:00:00,104.53,114.1547515067281,9.624751506728103
2026-02-07 12:00:00,100.12,112.2392164762231,12.119216476223102
2026-02-07 13:00:00,97.39,111.4444023169439,14.054402316943893
2026-02-07 14:00:00,99.93,113.47690551635989,13.546905516359885
2026-02-07 15:00:00,106.33,119.49886021794879,13.16886021794879
2026-02-07 16:00:00,120.29,125.21703352587022,4.927033525870215
2026-02-07 17:00:00,134.04,133.8199050496214,0.22009495037858073
2026-02-07 18:00:00,135.33,134.56872318184628,0.7612768181537319
2026-02-07 19:00:00,127.5,130.65525172175072,3.155251721750716
2026-02-07 20:00:00,113.4,120.19860025926602,6.79860025926601
2026-02-07 21:00:00,104.39,113.67741096922136,9.287410969221355
2026-02-07 22:00:00,104.07,110.95732829777774,6.887328297777742
2026-02-07 23:00:00,98.76,104.60099653637637,5.840996536376366
2026-02-08 00:00:00,102.04,99.15899482316175,2.881005176838258
2026-02-08 01:00:00,99.05,94.68815202217289,4.361847977827111
2026-02-08 02:00:00,97.57,93.70038574120058,3.869614258799416
2026-02-08 03:00:00,96.43,91.91881769510704,4.511182304892969
2026-02-08 04:00:00,94.86,91.71124886646429,3.1487511335357112
2026-02-08 05:00:00,95.75,90.50762228819032,5.242377711809681
2026-02-08 06:00:00,95.0,86.77117141531723,8.228828584682773
2026-02-08 07:00:00,95.81,89.96207094977277,5.847929050227236
2026-02-08 08:00:00,100.35,97.3855570072748,2.9644429927251963
2026-02-08 09:00:00,101.99,102.46546195587045,0.4754619558704576
2026-02-08 10:00:00,102.65,99.0736281144989,3.5763718855011035
2026-02-08 11:00:00,99.6,98.27036341608351,1.329636583916482
2026-02-08 12:00:00,96.57,96.12811406850777,0.441885931492223
2026-02-08 13:00:00,95.45,93.18386893834389,2.266131061656111
2026-02-08 14:00:00,97.22,93.68882326997446,3.5311767300255354
2026-02-08 15:00:00,103.32,98.04595633472802,5.274043665271975
2026-02-08 16:00:00,111.79,113.78139011820798,1.991390118207974
2026-02-08 17:00:00,127.63,128.74486827978458,1.114868279784588
2026-02-08 18:00:00,131.27,132.72986284594157,1.459862845941558
2026-02-08 19:00:00,126.91,129.0655271915333,2.1555271915333094
2026-02-08 20:00:00,113.28,121.60347692668572,8.323476926685714
2026-02-08 21:00:00,107.63,115.15925393099843,7.529253930998436
2026-02-08 22:00:00,105.14,112.68585332148592,7.545853321485922
2026-02-08 23:00:00,99.98,106.45594024208432,6.47594024208432
2026-02-09 00:00:00,96.75,110.95787299517542,14.207872995175421
2026-02-09 01:00:00,95.45,110.07463376252456,14.624633762524553
2026-02-09 02:00:00,95.7,109.78815631359915,14.088156313599143
2026-02-09 03:00:00,95.47,110.49991304540804,15.029913045408037
2026-02-09 04:00:00,96.57,113.4409089627015,16.870908962701506
2026-02-09 05:00:00,104.74,124.35409856995693,19.614098569956937
2026-02-09 06:00:00,132.24,151.16898501763606,18.92898501763605
2026-02-09 07:00:00,158.59,176.24073060015115,17.65073060015115
2026-02-09 08:00:00,182.71,182.26086053311806,0.4491394668819453
2026-02-09 09:00:00,169.21,173.5041371044694,4.2941371044693994
2026-02-09 10:00:00,157.29,161.16532308600017,3.8753230860001793
2026-02-09 11:00:00,144.38,151.67870004099066,7.298700040990667
2026-02-09 12:00:00,137.07,150.2629026759667,13.192902675966707
2026-02-09 13:00:00,135.03,150.04748230000126,15.017482300001262
2026-02-09 14:00:00,137.66,157.65357421829276,19.993574218292764
2026-02-09 15:00:00,149.08,164.08002505232662,15.000025052326606
2026-02-09 16:00:00,168.98,172.02757556295518,3.0475755629551884
2026-02-09 17:00:00,227.21,177.04387696765613,50.166123032343876
2026-02-09 18:00:00,182.23,176.54083198624102,5.689168013758973
2026-02-09 19:00:00,165.81,169.37328951339992,3.5632895133999227
2026-02-09 20:00:00,144.13,154.4339616869563,10.303961686956313
2026-02-09 21:00:00,134.6,144.43678838381237,9.836788383812376
2026-02-09 22:00:00,122.9,136.21624136652602,13.316241366526015
2026-02-09 23:00:00,108.92,127.26798297681523,18.34798297681523
