timestamp,price,xgb_prediction
2026-01-01 00:00:00,58.28,46.09506
2026-01-01 01:00:00,42.4,22.206049
2026-01-01 02:00:00,19.57,11.053576
2026-01-01 03:00:00,6.29,6.2393723
2026-01-01 04:00:00,3.09,3.6487095
2026-01-01 05:00:00,0.83,1.5876849
2026-01-01 06:00:00,0.05,-21.316076
2026-01-01 07:00:00,0.02,-29.571426
2026-01-01 08:00:00,0.06,-19.178658
2026-01-01 09:00:00,0.0,-17.324839
2026-01-01 10:00:00,0.0,-16.674599
2026-01-01 11:00:00,0.0,-17.394783
2026-01-01 12:00:00,-0.01,-12.617375
2026-01-01 13:00:00,-0.01,-15.116432
2026-01-01 14:00:00,0.02,-16.892315
2026-01-01 15:00:00,3.51,-11.11206
2026-01-01 16:00:00,10.34,16.263498
2026-01-01 17:00:00,21.8,18.182854
2026-01-01 18:00:00,23.13,21.632792
2026-01-01 19:00:00,18.09,18.621014
2026-01-01 20:00:00,10.04,17.423756
2026-01-01 21:00:00,8.95,15.764199
2026-01-01 22:00:00,7.37,10.293428
2026-01-01 23:00:00,0.29,6.7632585
2026-01-02 00:00:00,9.68,-19.053333
2026-01-02 01:00:00,3.01,-18.64822
2026-01-02 02:00:00,1.81,-23.014141
2026-01-02 03:00:00,0.25,-24.654129
2026-01-02 04:00:00,1.73,1.4475586
2026-01-02 05:00:00,12.0,5.594857
2026-01-02 06:00:00,21.8,18.809881
2026-01-02 07:00:00,50.97,41.532784
2026-01-02 08:00:00,68.87,61.256634
2026-01-02 09:00:00,71.2,61.482304
2026-01-02 10:00:00,57.89,58.415146
2026-01-02 11:00:00,55.93,55.783573
2026-01-02 12:00:00,58.0,57.999466
2026-01-02 13:00:00,66.95,49.25585
2026-01-02 14:00:00,70.12,54.826332
2026-01-02 15:00:00,77.5,71.337326
2026-01-02 16:00:00,82.46,75.15501
2026-01-02 17:00:00,85.44,89.733505
2026-01-02 18:00:00,88.34,93.737206
2026-01-02 19:00:00,88.57,85.02213
2026-01-02 20:00:00,89.15,75.22167
2026-01-02 21:00:00,83.52,69.426094
2026-01-02 22:00:00,85.59,70.590866
2026-01-02 23:00:00,81.83,67.614105
2026-01-03 00:00:00,80.16,64.988495
2026-01-03 01:00:00,78.33,59.852707
2026-01-03 02:00:00,75.82,57.310284
2026-01-03 03:00:00,74.82,52.137955
2026-01-03 04:00:00,73.02,50.836166
2026-01-03 05:00:00,74.99,51.983795
2026-01-03 06:00:00,75.91,53.828022
2026-01-03 07:00:00,79.31,62.812256
2026-01-03 08:00:00,90.69,78.879845
2026-01-03 09:00:00,94.09,79.59639
2026-01-03 10:00:00,93.31,75.14986
2026-01-03 11:00:00,88.71,75.49842
2026-01-03 12:00:00,87.41,69.8227
2026-01-03 13:00:00,86.6,69.936035
2026-01-03 14:00:00,89.68,73.01117
2026-01-03 15:00:00,94.6,84.10431
2026-01-03 16:00:00,99.88,93.200096
2026-01-03 17:00:00,109.72,89.597694
2026-01-03 18:00:00,110.83,91.43649
2026-01-03 19:00:00,104.76,89.62916
2026-01-03 20:00:00,97.63,77.84744
2026-01-03 21:00:00,91.12,74.53221
2026-01-03 22:00:00,90.71,73.09204
2026-01-03 23:00:00,86.02,65.00341
2026-01-04 00:00:00,88.82,67.205154
2026-01-04 01:00:00,85.33,61.062763
2026-01-04 02:00:00,85.04,59.846027
2026-01-04 03:00:00,83.74,56.623425
2026-01-04 04:00:00,82.56,57.04157
2026-01-04 05:00:00,83.41,62.04802
2026-01-04 06:00:00,83.8,66.9214
2026-01-04 07:00:00,86.48,79.28267
2026-01-04 08:00:00,88.12,87.613174
2026-01-04 09:00:00,94.3,89.59286
2026-01-04 10:00:00,94.76,92.02835
2026-01-04 11:00:00,90.88,89.21825
2026-01-04 12:00:00,89.54,83.610085
2026-01-04 13:00:00,86.78,85.44957
2026-01-04 14:00:00,92.68,88.623314
2026-01-04 15:00:00,93.2,100.49321
2026-01-04 16:00:00,100.59,115.811195
2026-01-04 17:00:00,118.43,126.20702
2026-01-04 18:00:00,121.18,130.67332
2026-01-04 19:00:00,119.72,122.877335
2026-01-04 20:00:00,112.45,115.301575
2026-01-04 21:00:00,99.7,111.52606
2026-01-04 22:00:00,95.77,105.46003
2026-01-04 23:00:00,89.21,94.24206
2026-01-05 00:00:00,92.45,95.69127
2026-01-05 01:00:00,88.85,92.92746
2026-01-05 02:00:00,86.51,91.59697
2026-01-05 03:00:00,86.31,89.62066
2026-01-05 04:00:00,87.5,89.239624
2026-01-05 05:00:00,90.86,99.13207
2026-01-05 06:00:00,109.02,104.41089
2026-01-05 07:00:00,129.31,117.20016
2026-01-05 08:00:00,151.18,131.76326
2026-01-05 09:00:00,152.15,131.7024
2026-01-05 10:00:00,145.63,120.66783
2026-01-05 11:00:00,136.57,117.34881
2026-01-05 12:00:00,134.3,118.5928
2026-01-05 13:00:00,134.3,123.06577
2026-01-05 14:00:00,140.15,129.03238
2026-01-05 15:00:00,148.99,134.00848
2026-01-05 16:00:00,180.71,132.00249
2026-01-05 17:00:00,223.43,149.15569
2026-01-05 18:00:00,213.59,148.76096
2026-01-05 19:00:00,182.8,143.17592
2026-01-05 20:00:00,147.03,133.30702
2026-01-05 21:00:00,129.1,117.45563
2026-01-05 22:00:00,123.85,107.31782
2026-01-05 23:00:00,111.3,99.827705
2026-01-06 00:00:00,104.7,101.522545
2026-01-06 01:00:00,104.6,102.00605
2026-01-06 02:00:00,101.55,100.37774
2026-01-06 03:00:00,100.09,96.353546
2026-01-06 04:00:00,102.45,93.55577
2026-01-06 05:00:00,107.0,97.49743
2026-01-06 06:00:00,121.29,116.93991
2026-01-06 07:00:00,138.5,139.86751
2026-01-06 08:00:00,164.19,171.7734
2026-01-06 09:00:00,168.82,184.2712
2026-01-06 10:00:00,154.84,163.93771
2026-01-06 11:00:00,147.27,155.38017
2026-01-06 12:00:00,134.43,145.60986
2026-01-06 13:00:00,130.2,144.75246
2026-01-06 14:00:00,130.7,145.55579
2026-01-06 15:00:00,136.99,144.50412
2026-01-06 16:00:00,145.01,158.373
2026-01-06 17:00:00,152.99,185.89197
2026-01-06 18:00:00,148.27,184.1328
2026-01-06 19:00:00,139.12,165.5106
2026-01-06 20:00:00,121.6,142.85838
2026-01-06 21:00:00,108.56,124.47931
2026-01-06 22:00:00,102.22,115.213066
2026-01-06 23:00:00,92.82,98.980156
2026-01-07 00:00:00,93.99,95.51133
2026-01-07 01:00:00,88.61,95.18467
2026-01-07 02:00:00,85.04,89.6295
2026-01-07 03:00:00,81.65,87.18277
2026-01-07 04:00:00,80.78,86.575676
2026-01-07 05:00:00,84.88,89.827065
2026-01-07 06:00:00,92.77,103.90212
2026-01-07 07:00:00,99.2,118.156845
2026-01-07 08:00:00,109.35,125.94717
2026-01-07 09:00:00,112.13,125.28091
2026-01-07 10:00:00,108.31,121.72825
2026-01-07 11:00:00,99.94,108.716095
2026-01-07 12:00:00,96.34,105.40329
2026-01-07 13:00:00,93.16,102.66638
2026-01-07 14:00:00,95.23,106.504456
2026-01-07 15:00:00,101.84,108.13623
2026-01-07 16:00:00,106.38,121.34747
2026-01-07 17:00:00,125.19,136.56102
2026-01-07 18:00:00,124.1,136.10883
2026-01-07 19:00:00,116.73,126.65965
2026-01-07 20:00:00,108.73,114.66934
2026-01-07 21:00:00,98.46,102.43395
2026-01-07 22:00:00,93.96,93.506645
2026-01-07 23:00:00,88.76,89.39813
2026-01-08 00:00:00,84.08,90.31146
2026-01-08 01:00:00,83.08,88.24826
2026-01-08 02:00:00,84.52,88.8417
2026-01-08 03:00:00,82.47,88.82145
2026-01-08 04:00:00,85.27,93.05578
2026-01-08 05:00:00,87.89,96.94965
2026-01-08 06:00:00,97.88,109.080536
2026-01-08 07:00:00,126.71,114.92377
2026-01-08 08:00:00,168.81,144.58667
2026-01-08 09:00:00,192.72,160.54153
2026-01-08 10:00:00,207.93,162.41817
2026-01-08 11:00:00,213.11,157.57976
2026-01-08 12:00:00,220.27,158.80103
2026-01-08 13:00:00,236.22,164.35136
2026-01-08 14:00:00,264.59,164.71857
2026-01-08 15:00:00,264.42,166.53815
2026-01-08 16:00:00,259.49,171.60252
2026-01-08 17:00:00,233.85,175.82515
2026-01-08 18:00:00,199.4,175.2355
2026-01-08 19:00:00,139.25,160.12897
2026-01-08 20:00:00,102.13,132.04994
2026-01-08 21:00:00,94.48,109.92156
2026-01-08 22:00:00,91.31,101.97438
2026-01-08 23:00:00,79.04,72.402565
2026-01-09 00:00:00,78.96,64.600075
2026-01-09 01:00:00,70.69,54.545063
2026-01-09 02:00:00,57.35,50.762093
2026-01-09 03:00:00,50.84,45.966797
2026-01-09 04:00:00,47.85,46.451744
2026-01-09 05:00:00,56.57,48.94208
2026-01-09 06:00:00,72.61,51.196507
2026-01-09 07:00:00,84.3,63.33699
2026-01-09 08:00:00,89.76,76.350266
2026-01-09 09:00:00,89.15,79.91394
2026-01-09 10:00:00,93.93,74.2126
2026-01-09 11:00:00,85.8,66.63285
2026-01-09 12:00:00,83.01,61.395027
2026-01-09 13:00:00,82.85,62.478615
2026-01-09 14:00:00,82.84,67.60421
2026-01-09 15:00:00,85.25,69.609116
2026-01-09 16:00:00,87.57,77.54805
2026-01-09 17:00:00,92.52,97.222855
2026-01-09 18:00:00,91.66,89.30542
2026-01-09 19:00:00,87.28,74.345024
2026-01-09 20:00:00,82.8,70.37119
2026-01-09 21:00:00,80.36,57.655342
2026-01-09 22:00:00,80.35,57.227585
2026-01-09 23:00:00,74.51,54.75012
2026-01-10 00:00:00,72.79,61.093433
2026-01-10 01:00:00,69.78,55.208817
2026-01-10 02:00:00,66.24,49.21236
2026-01-10 03:00:00,66.54,47.8836
2026-01-10 04:00:00,66.51,46.571354
2026-01-10 05:00:00,68.46,56.3886
2026-01-10 06:00:00,69.96,60.24563
2026-01-10 07:00:00,76.67,67.40091
2026-01-10 08:00:00,85.03,80.20932
2026-01-10 09:00:00,92.36,90.80848
2026-01-10 10:00:00,97.6,97.72609
2026-01-10 11:00:00,101.56,101.51841
2026-01-10 12:00:00,101.57,103.298485
2026-01-10 13:00:00,104.82,100.541046
2026-01-10 14:00:00,111.44,107.10368
2026-01-10 15:00:00,117.72,111.74271
2026-01-10 16:00:00,128.01,120.605995
2026-01-10 17:00:00,139.53,136.66173
2026-01-10 18:00:00,136.91,132.79301
2026-01-10 19:00:00,128.31,123.1294
2026-01-10 20:00:00,120.49,105.09167
2026-01-10 21:00:00,113.21,94.92754
2026-01-10 22:00:00,107.68,91.65001
2026-01-10 23:00:00,98.2,88.29748
2026-01-11 00:00:00,96.9,93.551346
2026-01-11 01:00:00,92.75,86.94186
2026-01-11 02:00:00,88.04,87.46929
2026-01-11 03:00:00,84.86,86.40165
2026-01-11 04:00:00,82.68,86.17158
2026-01-11 05:00:00,82.26,85.423676
2026-01-11 06:00:00,81.6,85.34061
2026-01-11 07:00:00,84.26,91.8573
2026-01-11 08:00:00,92.06,97.32593
2026-01-11 09:00:00,103.1,100.07422
2026-01-11 10:00:00,100.68,100.17369
2026-01-11 11:00:00,99.92,97.8856
2026-01-11 12:00:00,97.09,95.76856
2026-01-11 13:00:00,96.52,94.35402
2026-01-11 14:00:00,98.88,104.275185
2026-01-11 15:00:00,101.28,115.13554
2026-01-11 16:00:00,111.76,125.04665
2026-01-11 17:00:00,116.25,133.85237
2026-01-11 18:00:00,112.25,131.93
2026-01-11 19:00:00,106.21,125.51439
2026-01-11 20:00:00,96.04,120.29901
2026-01-11 21:00:00,95.01,111.01905
2026-01-11 22:00:00,93.02,106.14933
2026-01-11 23:00:00,85.23,90.210526
2026-01-12 00:00:00,81.26,86.1881
2026-01-12 01:00:00,81.19,79.10969
2026-01-12 02:00:00,79.04,76.714355
2026-01-12 03:00:00,77.31,76.209076
2026-01-12 04:00:00,76.59,77.876205
2026-01-12 05:00:00,80.16,87.9904
2026-01-12 06:00:00,86.92,103.32119
2026-01-12 07:00:00,97.87,113.446304
2026-01-12 08:00:00,115.62,123.51736
2026-01-12 09:00:00,129.85,128.55078
2026-01-12 10:00:00,124.4,128.81082
2026-01-12 11:00:00,129.87,125.87849
2026-01-12 12:00:00,129.96,119.875305
2026-01-12 13:00:00,132.76,123.37067
2026-01-12 14:00:00,128.37,123.29014
2026-01-12 15:00:00,131.71,126.63194
2026-01-12 16:00:00,119.58,124.74142
2026-01-12 17:00:00,119.6,129.21944
2026-01-12 18:00:00,116.5,121.421
2026-01-12 19:00:00,102.34,110.85011
2026-01-12 20:00:00,93.48,106.23017
2026-01-12 21:00:00,91.8,103.12167
2026-01-12 22:00:00,92.17,96.61284
2026-01-12 23:00:00,86.05,86.865524
2026-01-13 00:00:00,84.3,84.42624
2026-01-13 01:00:00,82.69,85.21953
2026-01-13 02:00:00,82.69,83.23448
2026-01-13 03:00:00,84.12,80.7146
2026-01-13 04:00:00,86.75,80.38713
2026-01-13 05:00:00,88.73,94.56327
2026-01-13 06:00:00,97.55,101.333405
2026-01-13 07:00:00,116.03,121.08649
2026-01-13 08:00:00,129.81,151.67104
2026-01-13 09:00:00,132.52,155.0707
2026-01-13 10:00:00,142.2,150.77464
2026-01-13 11:00:00,123.85,139.52068
2026-01-13 12:00:00,117.68,131.59291
2026-01-13 13:00:00,112.98,135.71854
2026-01-13 14:00:00,122.22,133.29369
2026-01-13 15:00:00,120.52,135.41565
2026-01-13 16:00:00,122.15,137.82394
2026-01-13 17:00:00,122.33,141.0799
2026-01-13 18:00:00,113.35,133.80089
2026-01-13 19:00:00,98.74,111.34556
2026-01-13 20:00:00,90.95,94.41046
2026-01-13 21:00:00,92.21,89.22953
2026-01-13 22:00:00,90.0,86.02105
2026-01-13 23:00:00,82.67,73.951775
2026-01-14 00:00:00,85.56,76.91801
2026-01-14 01:00:00,84.3,72.72927
2026-01-14 02:00:00,85.88,73.40965
2026-01-14 03:00:00,86.16,71.04946
2026-01-14 04:00:00,87.65,77.28872
2026-01-14 05:00:00,89.86,78.16889
2026-01-14 06:00:00,95.15,88.897675
2026-01-14 07:00:00,105.14,116.49604
2026-01-14 08:00:00,128.96,128.09209
2026-01-14 09:00:00,132.03,128.23431
2026-01-14 10:00:00,116.45,128.1967
2026-01-14 11:00:00,107.53,128.9351
2026-01-14 12:00:00,103.48,121.72348
2026-01-14 13:00:00,103.6,120.19563
2026-01-14 14:00:00,118.22,130.7716
2026-01-14 15:00:00,144.63,134.5572
2026-01-14 16:00:00,152.86,141.15259
2026-01-14 17:00:00,200.02,168.03613
2026-01-14 18:00:00,182.35,166.51378
2026-01-14 19:00:00,158.77,153.39355
2026-01-14 20:00:00,134.01,122.08718
2026-01-14 21:00:00,121.79,118.37324
2026-01-14 22:00:00,113.86,114.91743
2026-01-14 23:00:00,97.09,100.13993
2026-01-15 00:00:00,100.62,97.70664
2026-01-15 01:00:00,94.05,87.76613
2026-01-15 02:00:00,89.34,88.21732
2026-01-15 03:00:00,84.81,83.43033
2026-01-15 04:00:00,82.93,86.50976
2026-01-15 05:00:00,86.0,87.342384
2026-01-15 06:00:00,98.2,89.82179
2026-01-15 07:00:00,105.12,115.81498
2026-01-15 08:00:00,104.98,134.45836
2026-01-15 09:00:00,101.41,126.875404
2026-01-15 10:00:00,100.4,113.30196
2026-01-15 11:00:00,97.86,97.651375
2026-01-15 12:00:00,95.28,91.864525
2026-01-15 13:00:00,100.62,96.07157
2026-01-15 14:00:00,105.65,110.53009
2026-01-15 15:00:00,123.1,133.94553
2026-01-15 16:00:00,135.37,154.29283
2026-01-15 17:00:00,145.5,175.421
2026-01-15 18:00:00,119.75,154.79776
2026-01-15 19:00:00,105.49,121.01637
2026-01-15 20:00:00,98.16,105.61247
2026-01-15 21:00:00,91.0,92.72485
2026-01-15 22:00:00,88.39,89.12129
2026-01-15 23:00:00,81.16,72.46722
2026-01-16 00:00:00,81.05,63.258713
2026-01-16 01:00:00,75.0,59.730408
2026-01-16 02:00:00,70.57,53.834827
2026-01-16 03:00:00,67.23,53.61892
2026-01-16 04:00:00,71.38,60.888668
2026-01-16 05:00:00,82.05,61.107647
2026-01-16 06:00:00,90.72,86.3939
2026-01-16 07:00:00,98.6,96.19704
2026-01-16 08:00:00,109.31,107.49109
2026-01-16 09:00:00,108.93,103.39125
2026-01-16 10:00:00,103.03,97.38619
2026-01-16 11:00:00,99.79,95.397484
2026-01-16 12:00:00,99.2,90.72789
2026-01-16 13:00:00,99.31,100.65606
2026-01-16 14:00:00,113.2,117.31596
2026-01-16 15:00:00,141.0,137.52281
2026-01-16 16:00:00,162.68,152.03413
2026-01-16 17:00:00,170.33,177.03592
2026-01-16 18:00:00,162.44,164.33182
2026-01-16 19:00:00,154.18,139.58437
2026-01-16 20:00:00,134.0,128.73059
2026-01-16 21:00:00,117.61,120.704735
2026-01-16 22:00:00,117.71,113.0857
2026-01-16 23:00:00,104.17,98.26261
2026-01-17 00:00:00,104.66,102.57238
2026-01-17 01:00:00,101.29,98.26756
2026-01-17 02:00:00,98.23,94.11142
2026-01-17 03:00:00,96.14,91.906715
2026-01-17 04:00:00,95.19,91.12415
2026-01-17 05:00:00,95.24,94.62653
2026-01-17 06:00:00,95.85,102.144325
2026-01-17 07:00:00,99.19,102.38156
2026-01-17 08:00:00,105.97,116.71215
2026-01-17 09:00:00,116.66,115.433334
2026-01-17 10:00:00,115.1,109.88302
2026-01-17 11:00:00,111.61,104.35727
2026-01-17 12:00:00,111.95,101.64054
2026-01-17 13:00:00,108.64,103.35892
2026-01-17 14:00:00,112.82,112.42104
2026-01-17 15:00:00,122.77,128.66495
2026-01-17 16:00:00,135.78,137.03795
2026-01-17 17:00:00,140.91,143.05437
2026-01-17 18:00:00,142.85,139.47151
2026-01-17 19:00:00,138.59,134.97273
2026-01-17 20:00:00,120.79,120.4824
2026-01-17 21:00:00,107.8,113.54095
2026-01-17 22:00:00,109.15,116.76623
2026-01-17 23:00:00,107.02,104.21502
2026-01-18 00:00:00,110.72,102.5614
2026-01-18 01:00:00,109.19,100.047485
2026-01-18 02:00:00,107.39,97.83165
2026-01-18 03:00:00,102.54,95.627556
2026-01-18 04:00:00,102.24,93.42638
2026-01-18 05:00:00,102.08,93.30137
2026-01-18 06:00:00,101.05,94.63128
2026-01-18 07:00:00,100.61,98.30066
2026-01-18 08:00:00,105.68,109.82457
2026-01-18 09:00:00,107.42,118.33267
2026-01-18 10:00:00,101.91,109.60518
2026-01-18 11:00:00,98.48,105.85868
2026-01-18 12:00:00,96.86,103.261765
2026-01-18 13:00:00,96.96,100.836845
2026-01-18 14:00:00,100.85,104.72905
2026-01-18 15:00:00,105.55,114.78687
2026-01-18 16:00:00,114.88,128.51366
2026-01-18 17:00:00,129.99,141.77917
2026-01-18 18:00:00,142.2,139.31746
2026-01-18 19:00:00,136.67,137.26836
2026-01-18 20:00:00,123.05,122.662575
2026-01-18 21:00:00,110.63,111.7925
2026-01-18 22:00:00,114.28,111.71788
2026-01-18 23:00:00,103.73,107.02396
2026-01-19 00:00:00,101.15,105.10656
2026-01-19 01:00:00,100.44,104.04109
2026-01-19 02:00:00,100.83,100.90852
2026-01-19 03:00:00,100.44,98.39727
2026-01-19 04:00:00,100.13,99.68124
2026-01-19 05:00:00,102.53,101.337585
2026-01-19 06:00:00,126.38,103.864365
2026-01-19 07:00:00,161.08,125.367485
2026-01-19 08:00:00,175.98,141.03226
2026-01-19 09:00:00,161.94,135.10165
2026-01-19 10:00:00,135.92,125.15739
2026-01-19 11:00:00,120.53,120.21728
2026-01-19 12:00:00,117.56,118.14762
2026-01-19 13:00:00,125.0,123.45791
2026-01-19 14:00:00,144.35,122.448685
2026-01-19 15:00:00,170.04,136.72157
2026-01-19 16:00:00,194.89,143.81754
2026-01-19 17:00:00,208.23,155.85825
2026-01-19 18:00:00,200.06,171.65596
2026-01-19 19:00:00,180.96,151.41978
2026-01-19 20:00:00,157.39,140.83878
2026-01-19 21:00:00,135.17,123.49561
2026-01-19 22:00:00,126.4,121.58681
2026-01-19 23:00:00,112.47,108.99761
2026-01-20 00:00:00,115.06,103.52038
2026-01-20 01:00:00,114.34,106.48733
2026-01-20 02:00:00,110.36,107.06108
2026-01-20 03:00:00,109.87,101.39942
2026-01-20 04:00:00,113.17,104.82041
2026-01-20 05:00:00,125.28,113.51764
2026-01-20 06:00:00,190.11,136.30745
2026-01-20 07:00:00,240.88,217.25229
2026-01-20 08:00:00,262.78,264.10657
2026-01-20 09:00:00,179.54,184.35104
2026-01-20 10:00:00,132.17,153.29428
2026-01-20 11:00:00,107.95,129.73972
2026-01-20 12:00:00,103.62,120.20996
2026-01-20 13:00:00,105.76,123.704575
2026-01-20 14:00:00,136.72,141.28484
2026-01-20 15:00:00,178.26,167.67244
2026-01-20 16:00:00,276.74,220.6243
2026-01-20 17:00:00,249.63,221.89867
2026-01-20 18:00:00,193.93,203.55731
2026-01-20 19:00:00,181.92,168.8544
2026-01-20 20:00:00,155.1,156.95653
2026-01-20 21:00:00,139.89,140.37427
2026-01-20 22:00:00,117.19,128.85216
2026-01-20 23:00:00,107.84,118.84957
2026-01-21 00:00:00,101.49,124.00466
2026-01-21 01:00:00,101.72,118.050896
2026-01-21 02:00:00,98.76,114.86751
2026-01-21 03:00:00,100.91,116.610405
2026-01-21 04:00:00,98.85,116.70321
2026-01-21 05:00:00,98.69,122.945526
2026-01-21 06:00:00,107.87,147.2941
2026-01-21 07:00:00,160.0,181.6616
2026-01-21 08:00:00,176.4,189.1386
2026-01-21 09:00:00,142.89,156.00273
2026-01-21 10:00:00,118.3,124.637695
2026-01-21 11:00:00,100.99,112.55893
2026-01-21 12:00:00,99.13,102.31558
2026-01-21 13:00:00,103.48,103.45556
2026-01-21 14:00:00,108.62,125.342476
2026-01-21 15:00:00,126.93,139.29652
2026-01-21 16:00:00,145.04,175.46616
2026-01-21 17:00:00,139.11,190.90161
2026-01-21 18:00:00,138.91,167.48682
2026-01-21 19:00:00,127.83,158.17766
2026-01-21 20:00:00,105.45,135.0449
2026-01-21 21:00:00,102.44,126.239174
2026-01-21 22:00:00,104.76,110.433044
2026-01-21 23:00:00,99.38,100.84238
2026-01-22 00:00:00,92.8,97.180466
2026-01-22 01:00:00,92.53,94.71016
2026-01-22 02:00:00,91.45,93.25481
2026-01-22 03:00:00,91.82,93.15676
2026-01-22 04:00:00,92.85,92.947334
2026-01-22 05:00:00,93.19,97.43798
2026-01-22 06:00:00,100.68,110.36795
2026-01-22 07:00:00,125.52,147.36688
2026-01-22 08:00:00,137.12,150.78531
2026-01-22 09:00:00,114.42,137.0869
2026-01-22 10:00:00,95.26,115.13334
2026-01-22 11:00:00,89.08,95.53745
2026-01-22 12:00:00,83.86,90.54915
2026-01-22 13:00:00,88.07,92.55826
2026-01-22 14:00:00,94.91,104.64592
2026-01-22 15:00:00,107.78,117.24001
2026-01-22 16:00:00,130.9,148.81035
2026-01-22 17:00:00,136.37,151.42046
2026-01-22 18:00:00,129.67,145.7666
2026-01-22 19:00:00,121.57,137.38722
2026-01-22 20:00:00,109.35,108.47602
2026-01-22 21:00:00,106.95,104.321365
2026-01-22 22:00:00,103.32,101.07809
2026-01-22 23:00:00,97.31,98.11639
2026-01-23 00:00:00,97.89,96.63247
2026-01-23 01:00:00,97.25,94.688576
2026-01-23 02:00:00,95.95,93.49366
2026-01-23 03:00:00,95.0,92.24763
2026-01-23 04:00:00,95.62,94.09214
2026-01-23 05:00:00,97.0,95.17672
2026-01-23 06:00:00,108.2,101.05814
2026-01-23 07:00:00,133.0,137.78467
2026-01-23 08:00:00,152.94,150.72406
2026-01-23 09:00:00,142.49,127.02377
2026-01-23 10:00:00,115.38,101.36665
2026-01-23 11:00:00,100.13,91.66268
2026-01-23 12:00:00,96.21,85.34472
2026-01-23 13:00:00,95.76,84.930016
2026-01-23 14:00:00,97.08,93.12823
2026-01-23 15:00:00,108.77,111.2716
2026-01-23 16:00:00,124.05,128.10248
2026-01-23 17:00:00,136.08,136.3872
2026-01-23 18:00:00,128.48,133.0409
2026-01-23 19:00:00,116.8,121.95938
2026-01-23 20:00:00,107.22,113.21119
2026-01-23 21:00:00,103.96,102.731445
2026-01-23 22:00:00,104.79,101.28173
2026-01-23 23:00:00,97.0,92.22736
2026-01-24 00:00:00,99.8,97.355576
2026-01-24 01:00:00,99.04,91.91365
2026-01-24 02:00:00,98.32,90.979576
2026-01-24 03:00:00,97.83,89.26544
2026-01-24 04:00:00,97.55,91.61898
2026-01-24 05:00:00,98.91,92.9714
2026-01-24 06:00:00,100.4,96.80916
2026-01-24 07:00:00,104.06,109.761215
2026-01-24 08:00:00,111.0,127.591095
2026-01-24 09:00:00,123.09,119.44822
2026-01-24 10:00:00,119.24,112.98139
2026-01-24 11:00:00,110.3,106.690315
2026-01-24 12:00:00,106.22,100.56392
2026-01-24 13:00:00,101.87,104.40891
2026-01-24 14:00:00,105.12,104.702995
2026-01-24 15:00:00,118.23,110.7651
2026-01-24 16:00:00,131.91,132.52792
2026-01-24 17:00:00,146.72,131.27206
2026-01-24 18:00:00,141.75,134.45435
2026-01-24 19:00:00,131.93,125.88784
2026-01-24 20:00:00,118.67,114.99482
2026-01-24 21:00:00,110.54,108.44628
2026-01-24 22:00:00,110.31,106.2074
2026-01-24 23:00:00,104.15,106.2016
2026-01-25 00:00:00,101.44,109.26555
2026-01-25 01:00:00,101.76,107.06828
2026-01-25 02:00:00,101.32,105.81239
2026-01-25 03:00:00,101.77,103.74932
2026-01-25 04:00:00,100.86,101.60178
2026-01-25 05:00:00,100.51,101.400764
2026-01-25 06:00:00,99.97,104.81466
2026-01-25 07:00:00,102.06,106.00899
2026-01-25 08:00:00,103.76,113.226944
2026-01-25 09:00:00,108.89,122.17657
2026-01-25 10:00:00,113.19,121.04129
2026-01-25 11:00:00,116.02,113.74241
2026-01-25 12:00:00,120.03,110.00655
2026-01-25 13:00:00,116.11,104.53358
2026-01-25 14:00:00,114.32,107.099945
2026-01-25 15:00:00,111.75,119.73998
2026-01-25 16:00:00,116.9,130.09828
2026-01-25 17:00:00,131.21,136.78174
2026-01-25 18:00:00,137.38,136.98776
2026-01-25 19:00:00,132.58,131.25804
2026-01-25 20:00:00,124.02,124.011314
2026-01-25 21:00:00,114.02,117.88509
2026-01-25 22:00:00,111.94,116.45703
2026-01-25 23:00:00,104.49,109.18049
2026-01-26 00:00:00,103.93,101.73903
2026-01-26 01:00:00,101.11,102.56825
2026-01-26 02:00:00,98.73,98.83964
2026-01-26 03:00:00,95.85,99.16828
2026-01-26 04:00:00,95.03,98.41689
2026-01-26 05:00:00,97.19,103.34854
2026-01-26 06:00:00,114.28,115.22069
2026-01-26 07:00:00,153.2,160.66927
2026-01-26 08:00:00,175.13,188.50494
2026-01-26 09:00:00,177.97,181.26718
2026-01-26 10:00:00,178.01,164.06622
2026-01-26 11:00:00,170.34,155.1454
2026-01-26 12:00:00,156.03,155.84225
2026-01-26 13:00:00,149.39,137.80699
2026-01-26 14:00:00,147.78,143.0811
2026-01-26 15:00:00,159.97,162.49278
2026-01-26 16:00:00,166.33,181.81221
2026-01-26 17:00:00,178.7,208.90952
2026-01-26 18:00:00,178.02,206.84431
2026-01-26 19:00:00,169.97,190.56352
2026-01-26 20:00:00,154.17,160.17487
2026-01-26 21:00:00,137.11,134.36183
2026-01-26 22:00:00,121.5,121.54306
2026-01-26 23:00:00,111.68,107.55967
2026-01-27 00:00:00,118.77,110.13097
2026-01-27 01:00:00,113.7,108.423256
2026-01-27 02:00:00,112.16,111.064766
2026-01-27 03:00:00,111.49,111.438354
2026-01-27 04:00:00,110.55,109.39646
2026-01-27 05:00:00,111.65,108.577675
2026-01-27 06:00:00,133.61,147.5632
2026-01-27 07:00:00,159.88,225.86485
2026-01-27 08:00:00,176.64,260.1734
2026-01-27 09:00:00,171.2,205.3141
2026-01-27 10:00:00,148.46,166.5511
2026-01-27 11:00:00,133.29,160.23973
2026-01-27 12:00:00,123.03,142.69359
2026-01-27 13:00:00,112.49,140.27354
2026-01-27 14:00:00,131.08,141.49927
2026-01-27 15:00:00,127.45,143.53822
2026-01-27 16:00:00,132.98,138.3377
2026-01-27 17:00:00,152.62,154.60825
2026-01-27 18:00:00,141.14,156.53885
2026-01-27 19:00:00,138.88,144.12476
2026-01-27 20:00:00,121.59,129.02567
2026-01-27 21:00:00,119.37,121.059395
2026-01-27 22:00:00,120.7,110.84793
2026-01-27 23:00:00,111.85,106.60557
2026-01-28 00:00:00,105.48,105.49977
2026-01-28 01:00:00,104.47,104.01481
2026-01-28 02:00:00,104.47,103.03668
2026-01-28 03:00:00,102.24,102.380135
2026-01-28 04:00:00,104.71,102.5293
2026-01-28 05:00:00,106.6,101.569405
2026-01-28 06:00:00,113.7,116.55596
2026-01-28 07:00:00,143.6,157.4306
2026-01-28 08:00:00,171.0,166.29294
2026-01-28 09:00:00,173.65,169.91188
2026-01-28 10:00:00,172.33,154.23306
2026-01-28 11:00:00,166.24,146.2228
2026-01-28 12:00:00,157.09,134.183
2026-01-28 13:00:00,147.91,123.950676
2026-01-28 14:00:00,145.04,141.94829
2026-01-28 15:00:00,141.14,139.18332
2026-01-28 16:00:00,147.13,148.29922
2026-01-28 17:00:00,164.22,160.04567
2026-01-28 18:00:00,170.43,148.92654
2026-01-28 19:00:00,161.23,142.29878
2026-01-28 20:00:00,134.27,125.293304
2026-01-28 21:00:00,119.01,118.92216
2026-01-28 22:00:00,117.0,112.93827
2026-01-28 23:00:00,110.96,101.16246
2026-01-29 00:00:00,104.55,101.03904
2026-01-29 01:00:00,104.0,101.51048
2026-01-29 02:00:00,101.88,100.89542
2026-01-29 03:00:00,100.02,99.768265
2026-01-29 04:00:00,100.93,98.03303
2026-01-29 05:00:00,104.64,101.26948
2026-01-29 06:00:00,116.12,117.60874
2026-01-29 07:00:00,149.6,146.27975
2026-01-29 08:00:00,165.68,183.93163
2026-01-29 09:00:00,168.04,178.68451
2026-01-29 10:00:00,160.68,168.01567
2026-01-29 11:00:00,152.79,157.40744
2026-01-29 12:00:00,143.04,149.5058
2026-01-29 13:00:00,142.82,147.85114
2026-01-29 14:00:00,142.99,147.66478
2026-01-29 15:00:00,147.61,154.47603
2026-01-29 16:00:00,153.1,191.45319
2026-01-29 17:00:00,159.48,193.86044
2026-01-29 18:00:00,157.24,193.76863
2026-01-29 19:00:00,150.04,174.60423
2026-01-29 20:00:00,126.56,138.93762
2026-01-29 21:00:00,113.57,127.19323
2026-01-29 22:00:00,109.32,115.68386
2026-01-29 23:00:00,102.98,112.102615
2026-01-30 00:00:00,111.07,106.04212
2026-01-30 01:00:00,103.31,105.00003
2026-01-30 02:00:00,100.85,102.44875
2026-01-30 03:00:00,97.39,99.23846
2026-01-30 04:00:00,97.3,98.99763
2026-01-30 05:00:00,96.28,98.55238
2026-01-30 06:00:00,111.13,116.21093
2026-01-30 07:00:00,131.78,157.25891
2026-01-30 08:00:00,143.76,166.2634
2026-01-30 09:00:00,147.04,159.92706
2026-01-30 10:00:00,132.63,151.96347
2026-01-30 11:00:00,126.1,135.99478
2026-01-30 12:00:00,118.21,124.99602
2026-01-30 13:00:00,110.39,114.1736
2026-01-30 14:00:00,110.32,113.39312
2026-01-30 15:00:00,111.2,121.622795
2026-01-30 16:00:00,114.94,137.06319
2026-01-30 17:00:00,124.81,141.51073
2026-01-30 18:00:00,122.89,139.42093
2026-01-30 19:00:00,113.09,134.8259
2026-01-30 20:00:00,108.6,117.73078
2026-01-30 21:00:00,101.68,106.98866
2026-01-30 22:00:00,101.09,101.16197
2026-01-30 23:00:00,92.7,92.23914
2026-01-31 00:00:00,96.95,97.82446
2026-01-31 01:00:00,97.38,92.25994
2026-01-31 02:00:00,94.51,91.00217
2026-01-31 03:00:00,94.08,84.228195
2026-01-31 04:00:00,93.32,80.44763
2026-01-31 05:00:00,94.06,81.196625
2026-01-31 06:00:00,93.45,87.639
2026-01-31 07:00:00,92.9,101.30328
2026-01-31 08:00:00,103.96,113.13954
2026-01-31 09:00:00,109.06,114.279335
2026-01-31 10:00:00,114.22,109.671165
2026-01-31 11:00:00,113.47,105.49119
2026-01-31 12:00:00,111.28,100.989174
2026-01-31 13:00:00,107.39,98.235405
2026-01-31 14:00:00,110.3,100.81998
2026-01-31 15:00:00,113.17,106.05628
2026-01-31 16:00:00,119.36,118.13958
2026-01-31 17:00:00,134.61,128.32628
2026-01-31 18:00:00,138.04,127.817955
2026-01-31 19:00:00,133.95,122.06334
2026-01-31 20:00:00,125.65,112.711464
2026-01-31 21:00:00,114.21,105.62103
2026-01-31 22:00:00,114.15,105.456726
2026-01-31 23:00:00,105.9,98.72635
2026-02-01 00:00:00,96.09,100.81662
2026-02-01 01:00:00,94.01,99.24373
2026-02-01 02:00:00,98.4,97.23761
2026-02-01 03:00:00,96.06,95.60836
2026-02-01 04:00:00,98.31,95.789185
2026-02-01 05:00:00,98.22,95.851006
2026-02-01 06:00:00,96.02,97.502815
2026-02-01 07:00:00,99.5,100.426315
2026-02-01 08:00:00,105.26,108.31826
2026-02-01 09:00:00,109.23,111.63694
2026-02-01 10:00:00,109.85,111.07055
2026-02-01 11:00:00,108.16,107.55548
2026-02-01 12:00:00,107.13,106.36174
2026-02-01 13:00:00,100.39,101.614456
2026-02-01 14:00:00,102.24,102.12928
2026-02-01 15:00:00,108.96,103.79046
2026-02-01 16:00:00,114.67,109.2173
2026-02-01 17:00:00,129.49,134.30016
2026-02-01 18:00:00,136.84,135.4604
2026-02-01 19:00:00,137.39,132.48856
2026-02-01 20:00:00,125.59,117.45527
2026-02-01 21:00:00,113.86,108.65168
2026-02-01 22:00:00,113.89,105.301414
2026-02-01 23:00:00,106.55,97.258644
2026-02-02 00:00:00,99.59,81.75547
2026-02-02 01:00:00,97.99,71.734116
2026-02-02 02:00:00,95.09,68.99569
2026-02-02 03:00:00,91.0,72.42339
2026-02-02 04:00:00,91.73,74.0986
2026-02-02 05:00:00,94.72,85.41738
2026-02-02 06:00:00,106.57,102.361176
2026-02-02 07:00:00,122.89,121.33339
2026-02-02 08:00:00,136.87,128.31743
2026-02-02 09:00:00,140.16,117.41921
2026-02-02 10:00:00,124.54,114.93198
2026-02-02 11:00:00,114.67,105.53053
2026-02-02 12:00:00,109.21,97.2876
2026-02-02 13:00:00,104.0,97.13767
2026-02-02 14:00:00,102.9,97.94312
2026-02-02 15:00:00,105.08,101.439
2026-02-02 16:00:00,109.78,120.1967
2026-02-02 17:00:00,118.2,126.60109
2026-02-02 18:00:00,118.97,125.635284
2026-02-02 19:00:00,105.0,119.94545
2026-02-02 20:00:00,102.26,107.56606
2026-02-02 21:00:00,102.02,96.16502
2026-02-02 22:00:00,101.23,89.41216
2026-02-02 23:00:00,91.38,71.155685
2026-02-03 00:00:00,91.72,71.67209
2026-02-03 01:00:00,89.37,64.77924
2026-02-03 02:00:00,84.01,62.748127
2026-02-03 03:00:00,79.94,60.974224
2026-02-03 04:00:00,76.84,61.96915
2026-02-03 05:00:00,82.16,62.60634
2026-02-03 06:00:00,91.16,79.787994
2026-02-03 07:00:00,97.69,101.83778
2026-02-03 08:00:00,106.27,109.1308
2026-02-03 09:00:00,108.23,109.60948
2026-02-03 10:00:00,99.94,102.35806
2026-02-03 11:00:00,90.83,97.648026
2026-02-03 12:00:00,87.95,89.99988
2026-02-03 13:00:00,89.91,91.40565
2026-02-03 14:00:00,93.15,96.53026
2026-02-03 15:00:00,100.41,102.59355
2026-02-03 16:00:00,106.62,112.47681
2026-02-03 17:00:00,125.77,124.969246
2026-02-03 18:00:00,126.35,131.11478
2026-02-03 19:00:00,123.23,124.33428
2026-02-03 20:00:00,112.9,115.89163
2026-02-03 21:00:00,103.29,107.6594
2026-02-03 22:00:00,100.9,104.69713
2026-02-03 23:00:00,94.81,97.652336
2026-02-04 00:00:00,95.0,96.66739
2026-02-04 01:00:00,92.79,95.21021
2026-02-04 02:00:00,92.96,92.91787
2026-02-04 03:00:00,94.62,94.71176
2026-02-04 04:00:00,93.96,97.49583
2026-02-04 05:00:00,96.59,108.559494
2026-02-04 06:00:00,105.29,118.75035
2026-02-04 07:00:00,122.94,138.44267
2026-02-04 08:00:00,131.61,150.1966
2026-02-04 09:00:00,122.67,141.9305
2026-02-04 10:00:00,110.0,131.43672
2026-02-04 11:00:00,98.71,115.70768
2026-02-04 12:00:00,91.91,113.266396
2026-02-04 13:00:00,91.38,115.01185
2026-02-04 14:00:00,96.08,119.37156
2026-02-04 15:00:00,102.88,128.2019
2026-02-04 16:00:00,114.18,129.29648
2026-02-04 17:00:00,124.62,143.5617
2026-02-04 18:00:00,117.04,141.84956
2026-02-04 19:00:00,104.52,131.02055
2026-02-04 20:00:00,96.29,128.32124
2026-02-04 21:00:00,94.75,109.89796
2026-02-04 22:00:00,93.82,104.38541
2026-02-04 23:00:00,86.31,98.771774
2026-02-05 00:00:00,90.3,95.778534
2026-02-05 01:00:00,88.44,93.69153
2026-02-05 02:00:00,87.43,94.93352
2026-02-05 03:00:00,87.8,95.99974
2026-02-05 04:00:00,89.57,95.44853
2026-02-05 05:00:00,91.51,101.89999
2026-02-05 06:00:00,102.85,110.750145
2026-02-05 07:00:00,113.32,139.31528
2026-02-05 08:00:00,125.37,153.18448
2026-02-05 09:00:00,121.52,146.6759
2026-02-05 10:00:00,118.19,135.36235
2026-02-05 11:00:00,121.07,125.13723
2026-02-05 12:00:00,108.25,117.7425
2026-02-05 13:00:00,109.76,113.78807
2026-02-05 14:00:00,110.1,114.34618
2026-02-05 15:00:00,116.98,120.14118
2026-02-05 16:00:00,126.0,149.76828
2026-02-05 17:00:00,140.5,158.01624
2026-02-05 18:00:00,136.64,152.06378
2026-02-05 19:00:00,132.91,147.51631
2026-02-05 20:00:00,120.81,117.23244
2026-02-05 21:00:00,107.78,111.20325
2026-02-05 22:00:00,105.88,105.23116
2026-02-05 23:00:00,100.04,96.880104
2026-02-06 00:00:00,99.31,110.56034
2026-02-06 01:00:00,99.13,108.22101
2026-02-06 02:00:00,98.09,103.97219
2026-02-06 03:00:00,98.23,100.190254
2026-02-06 04:00:00,98.74,98.42316
2026-02-06 05:00:00,102.33,97.88998
2026-02-06 06:00:00,115.42,116.124466
2026-02-06 07:00:00,139.46,143.88077
2026-02-06 08:00:00,144.74,156.7349
2026-02-06 09:00:00,144.2,160.70541
2026-02-06 10:00:00,142.09,147.77284
2026-02-06 11:00:00,138.91,143.12674
2026-02-06 12:00:00,136.21,135.35435
2026-02-06 13:00:00,135.89,136.44107
2026-02-06 14:00:00,135.67,130.16725
2026-02-06 15:00:00,139.47,136.89859
2026-02-06 16:00:00,133.96,141.31206
2026-02-06 17:00:00,137.19,169.7555
2026-02-06 18:00:00,132.19,146.7855
2026-02-06 19:00:00,125.63,139.85692
2026-02-06 20:00:00,110.98,126.949104
2026-02-06 21:00:00,108.85,117.49866
2026-02-06 22:00:00,106.26,111.84192
2026-02-06 23:00:00,102.24,100.71779
2026-02-07 00:00:00,101.49,100.84158
2026-02-07 01:00:00,100.0,101.25091
2026-02-07 02:00:00,98.04,96.80077
2026-02-07 03:00:00,96.89,95.23322
2026-02-07 04:00:00,96.4,94.473434
2026-02-07 05:00:00,96.73,94.999596
2026-02-07 06:00:00,97.1,103.87063
2026-02-07 07:00:00,105.55,123.154854
2026-02-07 08:00:00,114.08,130.98737
2026-02-07 09:00:00,117.98,129.86346
2026-02-07 10:00:00,110.06,126.06703
2026-02-07 11:00:00,104.53,126.78032
2026-02-07 12:00:00,100.12,124.67621
2026-02-07 13:00:00,97.39,115.75966
2026-02-07 14:00:00,99.93,115.30474
2026-02-07 15:00:00,106.33,126.44526
2026-02-07 16:00:00,120.29,134.08267
2026-02-07 17:00:00,134.04,142.67407
2026-02-07 18:00:00,135.33,141.5668
2026-02-07 19:00:00,127.5,133.80284
2026-02-07 20:00:00,113.4,115.59035
2026-02-07 21:00:00,104.39,111.86619
2026-02-07 22:00:00,104.07,111.95445
2026-02-07 23:00:00,98.76,104.701324
2026-02-08 00:00:00,102.04,100.84973
2026-02-08 01:00:00,99.05,99.19985
2026-02-08 02:00:00,97.57,97.918495
2026-02-08 03:00:00,96.43,92.62725
2026-02-08 04:00:00,94.86,93.71597
2026-02-08 05:00:00,95.75,96.21897
2026-02-08 06:00:00,95.0,96.400154
2026-02-08 07:00:00,95.81,103.35057
2026-02-08 08:00:00,100.35,113.46601
2026-02-08 09:00:00,101.99,115.363495
2026-02-08 10:00:00,102.65,111.48095
2026-02-08 11:00:00,99.6,107.86295
2026-02-08 12:00:00,96.57,105.46763
2026-02-08 13:00:00,95.45,101.2084
2026-02-08 14:00:00,97.22,102.50405
2026-02-08 15:00:00,103.32,108.29735
2026-02-08 16:00:00,111.79,112.24761
2026-02-08 17:00:00,127.63,128.50557
2026-02-08 18:00:00,131.27,125.85644
2026-02-08 19:00:00,126.91,121.55078
2026-02-08 20:00:00,113.28,112.54458
2026-02-08 21:00:00,107.63,109.4347
2026-02-08 22:00:00,105.14,109.71207
2026-02-08 23:00:00,99.98,101.74066
2026-02-09 00:00:00,96.75,100.052345
2026-02-09 01:00:00,95.45,102.00137
2026-02-09 02:00:00,95.7,98.99065
2026-02-09 03:00:00,95.47,97.192245
2026-02-09 04:00:00,96.57,95.856606
2026-02-09 05:00:00,104.74,97.87651
2026-02-09 06:00:00,132.24,116.49974
2026-02-09 07:00:00,158.59,176.46812
2026-02-09 08:00:00,182.71,213.4988
2026-02-09 09:00:00,169.21,185.81548
2026-02-09 10:00:00,157.29,158.6007
2026-02-09 11:00:00,144.38,138.15454
2026-02-09 12:00:00,137.07,118.98662
2026-02-09 13:00:00,135.03,120.271774
2026-02-09 14:00:00,137.66,122.015686
2026-02-09 15:00:00,149.08,156.48674
2026-02-09 16:00:00,168.98,195.90485
2026-02-09 17:00:00,227.21,225.63925
2026-02-09 18:00:00,182.23,221.2596
2026-02-09 19:00:00,165.81,196.70148
2026-02-09 20:00:00,144.13,140.39774
2026-02-09 21:00:00,134.6,127.279495
2026-02-09 22:00:00,122.9,116.96191
2026-02-09 23:00:00,108.92,100.13921
